customer_id,age,gender,region,education_level,employment_type,annual_income,loan_amount,loan_purpose,credit_score,repayment_history,transaction_count,spending_ratio,join_date,default_flag
1,56.0,Other,South,Secondary,Self-Employed,51778.0,415482,Business,828.0,8,58,0.5332476070246552,2018-01-01,0
2,46.0,Female,North,Graduate,Salaried,178806.0,222400,Business,465.0,4,78,0.7271603189350658,2018-01-02,1
3,32.0,Other,South,Graduate,Salaried,174245.0,222060,Business,795.0,2,75,0.6676603468625858,2018-01-03,1
4,60.0,Female,North,Primary,,181475.0,394959,Education,728.0,4,42,1.47772524955312,2018-01-04,0
5,,Other,East,Graduate,Salaried,157416.0,441742,Education,462.0,9,38,0.509148539435143,2018-01-05,0
6,38.0,Male,West,Post-Graduate,Unemployed,,394570,Business,665.0,3,68,0.5127441336854736,2018-01-06,0
7,56.0,Male,West,Primary,Self-Employed,45372.0,410105,Education,825.0,7,53,0.5963674923600503,2018-01-07,0
8,36.0,Male,East,Primary,Self-Employed,81516.0,291479,Car,538.0,4,33,0.89043171380645,2018-01-08,1
9,40.0,Female,West,Primary,Unemployed,40538.0,409470,Education,371.0,9,71,0.4532518419692433,2018-01-09,0
10,28.0,Male,West,Primary,Salaried,83918.0,353754,Education,744.0,7,56,1.3814059165309835,2018-01-10,0
11,28.0,Female,North,Post-Graduate,Self-Employed,166045.0,278586,Business,808.0,8,72,0.47195979081276884,2018-01-11,1
12,41.0,Male,East,Primary,Salaried,91155.0,313433,Home,568.0,3,51,1.3541420241842725,2018-01-12,0
13,53.0,Male,South,Graduate,Self-Employed,79500.0,320891,Home,714.0,6,74,0.2448650891052185,2018-01-13,0
14,57.0,Female,North,Post-Graduate,Unemployed,,304471,Home,544.0,1,43,1.019187783359513,2018-01-14,0
15,41.0,Female,East,Secondary,Unemployed,193333.0,414415,Car,359.0,5,15,1.3697797258135411,2018-01-15,1
16,20.0,Male,North,Secondary,Unemployed,,339971,Education,305.0,7,38,0.33624921375752137,2018-01-16,1
17,39.0,Female,South,Graduate,Self-Employed,47716.0,111464,Home,706.0,6,15,1.455657744138957,2018-01-17,0
18,,Male,South,Graduate,Salaried,154308.0,136184,Business,516.0,6,5,0.7340367045817163,2018-01-18,0
19,41.0,Female,East,Post-Graduate,Salaried,166920.0,92051,Home,325.0,7,93,1.4240011518174343,2018-01-19,1
20,61.0,Other,South,Secondary,Salaried,22352.0,155653,Home,,6,83,1.0475480610820658,2018-01-20,0
21,47.0,Other,North,Secondary,Self-Employed,153004.0,250300,Education,831.0,4,54,0.5222216178229722,2018-01-21,0
22,,Other,South,Secondary,Self-Employed,96449.0,64722,Education,689.0,6,51,0.36362353488394894,2018-01-22,1
23,19.0,Other,North,Secondary,Self-Employed,28556.0,97036,Education,,9,10,0.5252290647151391,2018-01-23,1
24,38.0,Other,North,Secondary,Self-Employed,106836.0,233634,Car,445.0,2,12,0.23022437296774498,2018-01-24,1
25,50.0,Male,South,Primary,Self-Employed,156570.0,152595,Car,687.0,4,4,0.3014151528806617,2018-01-25,0
26,29.0,Other,East,Graduate,Salaried,70098.0,334104,Home,548.0,6,95,0.2465246164850736,2018-01-26,0
27,39.0,Other,West,Primary,Self-Employed,132169.0,253709,Education,825.0,8,18,0.6921209612381808,2018-01-27,0
28,61.0,Other,South,Secondary,Self-Employed,160641.0,286696,Home,761.0,1,80,1.213809726760621,2018-01-28,0
29,,Other,North,Post-Graduate,Salaried,146060.0,146880,Business,312.0,3,36,0.29793697590287627,2018-01-29,1
30,44.0,Female,North,Post-Graduate,Self-Employed,150544.0,240419,Business,683.0,6,25,0.28244860644127023,2018-01-30,0
31,59.0,Male,South,Secondary,,20340.0,470741,Education,698.0,0,87,1.000800529324263,2018-01-31,0
32,45.0,Other,East,Secondary,Salaried,195021.0,159692,Education,318.0,1,76,0.37605617475529274,2018-02-01,1
33,33.0,Other,East,Post-Graduate,,102302.0,268031,Business,,8,98,0.23665405335258824,2018-02-02,1
34,,Other,North,Primary,Unemployed,,298946,Education,718.0,9,36,0.33358800948780865,2018-02-03,0
35,64.0,Male,North,Primary,Unemployed,151430.0,90024,Car,636.0,6,67,1.3932239542274865,2018-02-04,1
36,61.0,Female,East,Secondary,,139619.0,493765,Car,718.0,9,9,1.2500597538866671,2018-02-05,1
37,20.0,Male,West,Primary,Self-Employed,105376.0,250809,Education,421.0,6,61,0.5956903872971318,2018-02-06,0
38,54.0,Female,South,Post-Graduate,,119931.0,123639,Business,731.0,5,53,1.0181490742583499,2018-02-07,0
39,24.0,Other,North,Primary,Salaried,181726.0,385392,Home,343.0,2,18,0.8521859431352532,2018-02-08,0
40,,Other,North,Secondary,Self-Employed,176951.0,86938,Education,616.0,9,43,1.0479739688755896,2018-02-09,0
41,26.0,Male,East,Post-Graduate,Unemployed,101532.0,222813,Education,680.0,2,35,1.055739613447863,2018-02-10,1
42,,Male,South,Primary,Salaried,75778.0,257100,Home,444.0,1,63,0.98022762108399,2018-02-11,1
43,35.0,Female,East,Graduate,Self-Employed,57772.0,389890,Education,626.0,5,98,0.47254191595223205,2018-02-12,0
44,21.0,Female,South,Post-Graduate,Self-Employed,78478.0,293193,Home,662.0,3,78,0.15460898906794537,2018-02-13,0
45,,Male,South,Post-Graduate,Unemployed,,344933,Business,349.0,4,4,0.7377934947861523,2018-02-14,1
46,31.0,Female,South,Graduate,Self-Employed,,89526,Car,,2,93,1.3473634385669853,2018-02-15,0
47,26.0,Male,North,Graduate,Salaried,190492.0,406062,Business,654.0,5,41,0.8972961619260063,2018-02-16,0
48,43.0,Female,West,Post-Graduate,Self-Employed,75568.0,488779,Car,463.0,2,45,1.2653474583826712,2018-02-17,0
49,19.0,Male,East,Graduate,Salaried,105090.0,51220,Home,440.0,7,50,1.4882740801457195,2018-02-18,0
50,37.0,Male,West,Secondary,Self-Employed,40219.0,313307,Car,,8,79,0.3290626857935868,2018-02-19,1
51,45.0,Male,East,Secondary,Unemployed,77169.0,401981,Business,697.0,3,28,1.0684886947987753,2018-02-20,0
52,64.0,Female,South,Secondary,Salaried,94965.0,384270,Car,762.0,8,42,1.0440110031800345,2018-02-21,1
53,24.0,Female,North,Post-Graduate,Self-Employed,197912.0,348630,Home,486.0,6,80,1.4719376263015898,2018-02-22,0
54,61.0,Female,West,Graduate,Self-Employed,195767.0,443486,Car,489.0,2,76,1.4798410275339204,2018-02-23,0
55,25.0,Male,North,Graduate,Self-Employed,104754.0,80277,Education,687.0,6,69,1.0613500564137812,2018-02-24,1
56,64.0,Female,East,Primary,Salaried,97988.0,486494,Business,728.0,0,98,0.441060708775072,2018-02-25,0
57,52.0,Female,North,Primary,Salaried,170023.0,488455,Education,583.0,2,1,1.2179781733828388,2018-02-26,1
58,31.0,Male,North,Graduate,Salaried,,371389,Home,536.0,5,39,0.24984078789545333,2018-02-27,0
59,34.0,Other,West,Graduate,Unemployed,100388.0,127332,Car,493.0,3,96,1.1929790258402801,2018-02-28,0
60,53.0,Male,South,Graduate,Unemployed,110768.0,239231,Education,586.0,6,90,1.374274573802575,2018-03-01,0
61,57.0,Female,North,Post-Graduate,Salaried,55428.0,27931,Education,435.0,2,17,0.6359667526758093,2018-03-02,0
62,21.0,Male,South,Graduate,Self-Employed,112021.0,94116,Car,470.0,0,91,0.9828894129763126,2018-03-03,0
63,19.0,Other,East,Primary,Unemployed,138418.0,256671,Car,458.0,8,88,0.7021998249355568,2018-03-04,1
64,23.0,Male,North,Post-Graduate,Salaried,190047.0,322777,Business,,5,35,0.7128710769833798,2018-03-05,1
65,59.0,Female,West,Graduate,Self-Employed,,478918,Education,786.0,7,46,0.534519244751368,2018-03-06,0
66,21.0,Other,East,Primary,Unemployed,175914.0,56913,Education,803.0,2,42,1.1669814686304545,2018-03-07,0
67,46.0,Female,East,Post-Graduate,,46421.0,255216,Home,670.0,7,39,1.4106471898331072,2018-03-08,1
68,35.0,Other,West,Graduate,Self-Employed,21708.0,99776,Business,402.0,1,90,1.4170512029282456,2018-03-09,1
69,43.0,Other,North,Graduate,Self-Employed,154702.0,30991,Home,424.0,3,49,0.34469379882490736,2018-03-10,0
70,61.0,Male,North,Graduate,Self-Employed,170667.0,190917,Education,612.0,2,62,1.3246411095191926,2018-03-11,0
71,,Male,East,Post-Graduate,Unemployed,96021.0,109092,Home,757.0,9,38,1.132404017997971,2018-03-12,1
72,27.0,Female,North,Primary,,179380.0,234577,Education,529.0,0,23,0.4539723609664049,2018-03-13,0
73,53.0,Male,South,Primary,,64789.0,191384,Education,496.0,6,22,0.19419845809012037,2018-03-14,1
74,31.0,Male,West,Secondary,Salaried,46086.0,408777,Home,722.0,9,4,0.47519617363812916,2018-03-15,0
75,48.0,Other,South,Graduate,Unemployed,36859.0,415117,Home,470.0,1,49,1.3770915314941359,2018-03-16,1
76,32.0,Male,North,Secondary,Self-Employed,27684.0,242113,Car,681.0,3,59,0.9864501448540811,2018-03-17,1
77,25.0,Other,East,Secondary,Unemployed,111088.0,100556,Car,472.0,8,73,1.1094765252570207,2018-03-18,0
78,31.0,Other,West,Primary,Self-Employed,152279.0,330019,Car,,5,68,0.4600132915527342,2018-03-19,1
79,40.0,Other,North,Post-Graduate,Salaried,66099.0,161989,Education,649.0,7,71,1.1071434178047483,2018-03-20,0
80,57.0,Female,North,Post-Graduate,Self-Employed,86093.0,329264,Home,793.0,1,87,0.13937010878909326,2018-03-21,0
81,38.0,Female,East,Primary,Self-Employed,180761.0,400204,Business,303.0,6,2,0.6254498840822192,2018-03-22,0
82,33.0,Female,East,Post-Graduate,,68651.0,377185,Education,392.0,5,49,0.9774546879592636,2018-03-23,0
83,62.0,Other,South,Secondary,Salaried,33893.0,133467,Business,305.0,8,88,0.30453519175784827,2018-03-24,1
84,35.0,Female,West,Graduate,Unemployed,86418.0,412472,Home,587.0,6,95,1.2522050042257087,2018-03-25,0
85,64.0,Female,West,Primary,,145074.0,385634,Education,445.0,0,31,0.42904381833668603,2018-03-26,0
86,41.0,Male,East,Graduate,Salaried,123065.0,223800,Business,723.0,7,40,1.0131935579458247,2018-03-27,0
87,43.0,Female,South,Post-Graduate,Self-Employed,150351.0,131155,Business,756.0,9,48,0.6672759996054615,2018-03-28,0
88,42.0,Female,West,Graduate,Unemployed,58635.0,295374,Car,501.0,2,51,0.934461033668706,2018-03-29,1
89,62.0,Other,East,Post-Graduate,Salaried,115071.0,64778,Car,511.0,1,43,0.2504307736804714,2018-03-30,0
90,58.0,Other,North,Post-Graduate,Unemployed,98518.0,50833,Car,305.0,2,98,0.12367791989025026,2018-03-31,1
91,46.0,Other,West,Secondary,Salaried,126233.0,289769,Education,675.0,5,55,1.3733901983324217,2018-04-01,1
92,32.0,Other,South,Post-Graduate,,123651.0,37088,Home,746.0,2,88,0.47748201227405584,2018-04-02,1
93,62.0,Other,South,Secondary,Unemployed,92805.0,215722,Home,405.0,9,49,1.2475478038926426,2018-04-03,0
94,18.0,Other,South,Secondary,Salaried,179136.0,439383,Car,700.0,4,90,1.4990904206610802,2018-04-04,0
95,,Female,North,Secondary,Unemployed,142813.0,371081,Car,395.0,5,80,0.3960037611984756,2018-04-05,0
96,24.0,Other,West,Primary,Unemployed,99063.0,469507,Car,687.0,7,57,0.47123903765669783,2018-04-06,0
97,,Other,West,Primary,Unemployed,22454.0,201375,Business,751.0,6,77,1.028003702688532,2018-04-07,1
98,,Male,North,Post-Graduate,Unemployed,,81361,Car,715.0,7,15,1.4516280884408697,2018-04-08,1
99,18.0,Female,West,Secondary,Salaried,164063.0,355373,Business,803.0,2,27,1.3821400874670415,2018-04-09,0
100,61.0,Female,North,Primary,Self-Employed,88344.0,140189,Home,753.0,3,68,0.8040257280918188,2018-04-10,0
101,25.0,Female,North,Secondary,Salaried,124946.0,95265,Education,590.0,5,80,1.2131543955374144,2018-04-11,0
102,41.0,Other,North,Graduate,Salaried,56593.0,102718,Education,,6,64,0.2900441943398615,2018-04-12,0
103,28.0,Other,South,Graduate,Salaried,56304.0,327854,Education,492.0,8,94,1.4684134578856172,2018-04-13,0
104,34.0,Other,West,Graduate,Self-Employed,181458.0,492642,Education,,0,30,1.4500945276503812,2018-04-14,0
105,25.0,Male,North,Post-Graduate,,133613.0,99876,Business,814.0,7,36,0.3292205410308393,2018-04-15,0
106,52.0,Other,West,Secondary,Unemployed,172155.0,465270,Business,692.0,7,67,0.5191923747243492,2018-04-16,1
107,52.0,Male,South,Graduate,Unemployed,38354.0,35949,Car,615.0,5,86,0.2402169965094737,2018-04-17,1
108,50.0,Female,North,Primary,Self-Employed,,420763,Business,375.0,3,86,0.4804046384574515,2018-04-18,1
109,22.0,Other,East,Graduate,Unemployed,26142.0,217954,Car,569.0,2,49,1.2423381051812894,2018-04-19,1
110,59.0,Male,South,Graduate,Self-Employed,179470.0,335280,Car,524.0,2,76,0.6296418500313632,2018-04-20,0
111,56.0,Male,East,Graduate,Unemployed,61862.0,116541,Education,829.0,5,55,0.22375575400546172,2018-04-21,0
112,58.0,Other,West,Post-Graduate,Unemployed,170575.0,200691,Business,412.0,7,85,0.5791157346904664,2018-04-22,0
113,45.0,Female,West,Primary,Salaried,145438.0,66842,Business,550.0,6,56,1.473936667937792,2018-04-23,0
114,24.0,Female,South,Secondary,Self-Employed,68456.0,493019,Car,,0,68,0.981557033362884,2018-04-24,0
115,26.0,Female,West,Primary,Salaried,120167.0,237930,Car,382.0,5,95,0.6826253249686208,2018-04-25,1
116,25.0,Male,East,Secondary,Salaried,102035.0,294134,Home,424.0,6,44,0.33315391889617796,2018-04-26,0
117,29.0,Male,North,Post-Graduate,Salaried,,152265,Home,474.0,6,31,1.4806475161971726,2018-04-27,1
118,51.0,Male,North,Post-Graduate,Self-Employed,22384.0,297253,Car,,8,58,1.2491886129683802,2018-04-28,0
119,50.0,Male,North,Post-Graduate,Self-Employed,166144.0,135356,Home,346.0,9,87,0.4940682234312871,2018-04-29,1
120,,Female,South,Post-Graduate,Unemployed,122239.0,417449,Home,,4,53,0.19809617400966523,2018-04-30,0
121,41.0,Other,West,Secondary,Salaried,131431.0,249629,Car,329.0,0,84,0.17927578032858124,2018-05-01,1
122,54.0,Male,East,Graduate,Unemployed,,217802,Car,580.0,1,79,0.2685294093077474,2018-05-02,0
123,52.0,Male,West,Secondary,Salaried,60510.0,395277,Business,536.0,3,23,0.9130760170601903,2018-05-03,0
124,61.0,Female,West,Primary,Self-Employed,41826.0,170582,Car,547.0,4,28,1.4002687896876893,2018-05-04,0
125,57.0,Other,West,Post-Graduate,Self-Employed,88026.0,268450,Car,667.0,8,16,0.7954407992083782,2018-05-05,0
126,39.0,Other,North,Post-Graduate,Self-Employed,141668.0,8849,Education,794.0,0,37,1.280123675438676,2018-05-06,1
127,44.0,Female,East,Primary,,176590.0,17360,Business,324.0,2,21,0.7242412678037309,2018-05-07,0
128,52.0,Female,East,Secondary,Self-Employed,44045.0,378216,Business,789.0,4,79,1.0920169640749553,2018-05-08,1
129,18.0,Other,West,Graduate,,110102.0,258279,Business,793.0,2,17,1.1246218322011012,2018-05-09,0
130,52.0,Male,North,Graduate,Unemployed,,99767,Education,613.0,3,37,0.34354918826467407,2018-05-10,1
131,54.0,Other,North,Primary,Salaried,119441.0,266445,Car,674.0,2,77,0.6057024825661365,2018-05-11,0
132,64.0,Female,East,Graduate,Unemployed,178175.0,181872,Business,324.0,3,19,0.9922230191532334,2018-05-12,0
133,31.0,Male,North,Secondary,Salaried,,435179,Business,633.0,0,30,0.19897525145811265,2018-05-13,1
134,20.0,Male,North,Secondary,Unemployed,156917.0,59330,Home,654.0,7,45,0.6061562628681392,2018-05-14,0
135,18.0,Female,North,Primary,Self-Employed,187746.0,56707,Business,415.0,3,18,0.8487192527936693,2018-05-15,0
136,22.0,Female,South,Secondary,Unemployed,138325.0,285833,Car,347.0,6,78,1.4947142902624941,2018-05-16,1
137,43.0,Female,West,Post-Graduate,Self-Employed,39337.0,34084,Car,398.0,1,62,0.764346987671417,2018-05-17,0
138,31.0,Other,East,Primary,Self-Employed,173385.0,45387,Home,758.0,1,36,1.242479459960053,2018-05-18,1
139,56.0,Other,East,Secondary,,178015.0,341960,Business,822.0,5,84,0.7048941990932648,2018-05-19,0
140,,Male,South,Primary,Salaried,97949.0,7642,Business,704.0,1,52,1.2149470116675924,2018-05-20,1
141,26.0,Female,West,Graduate,Salaried,20276.0,309281,Business,513.0,5,19,0.9335807222681517,2018-05-21,1
142,32.0,Male,East,Secondary,Salaried,71151.0,478048,Education,802.0,1,44,1.3412336181033577,2018-05-22,1
143,32.0,Male,North,Post-Graduate,Salaried,168683.0,191633,Business,747.0,3,7,0.6753195732901538,2018-05-23,1
144,43.0,Male,East,Secondary,Salaried,163016.0,329404,Car,557.0,6,44,0.9460261877500703,2018-05-24,0
145,59.0,Male,North,Primary,Self-Employed,72887.0,151510,Car,420.0,7,68,0.9820261528663582,2018-05-25,0
146,30.0,Female,South,Primary,Salaried,101442.0,315586,Education,353.0,2,34,0.6843361185206626,2018-05-26,1
147,49.0,Male,North,Secondary,Self-Employed,69847.0,370205,Education,630.0,8,66,0.3020368611624741,2018-05-27,0
148,56.0,Female,East,Post-Graduate,,78653.0,401210,Business,540.0,1,69,0.23098316967726978,2018-05-28,0
149,49.0,Female,East,Post-Graduate,Self-Employed,76622.0,259511,Home,829.0,7,55,0.12334017083948634,2018-05-29,0
150,21.0,Other,East,Post-Graduate,Unemployed,47810.0,392988,Education,782.0,7,10,1.3229479699433004,2018-05-30,1
151,,Female,South,Primary,Unemployed,97842.0,366719,Education,486.0,3,96,0.4310648771341723,2018-05-31,0
152,54.0,Other,South,Secondary,Self-Employed,142225.0,268957,Business,561.0,0,42,0.3961094489944752,2018-06-01,0
153,,Female,West,Graduate,Unemployed,30503.0,360171,Business,,0,41,1.1304495605964917,2018-06-02,1
154,,Female,East,Primary,,104761.0,390633,Education,790.0,1,77,0.5480225583223485,2018-06-03,0
155,62.0,Female,North,Post-Graduate,Salaried,188048.0,89381,Home,730.0,8,69,0.8084625693765711,2018-06-04,1
156,32.0,Other,South,Secondary,Self-Employed,,254880,Education,538.0,1,10,0.32751549141643876,2018-06-05,1
157,60.0,Other,East,Post-Graduate,Salaried,31590.0,322420,Business,603.0,1,10,1.443644010046757,2018-06-06,1
158,46.0,Male,East,Graduate,Self-Employed,161958.0,308387,Business,597.0,5,91,1.2922139600241322,2018-06-07,0
159,53.0,Other,South,Post-Graduate,Self-Employed,163938.0,198984,Education,375.0,6,60,1.3093054721510047,2018-06-08,0
160,30.0,Other,West,Post-Graduate,Salaried,86624.0,65272,Home,632.0,6,51,0.6694832480008073,2018-06-09,1
161,49.0,Other,South,Graduate,Unemployed,183864.0,178123,Education,773.0,8,21,1.167305699190042,2018-06-10,1
162,,Other,South,Secondary,Salaried,,477070,Education,582.0,5,8,0.3014266175456922,2018-06-11,1
163,39.0,Male,North,Primary,Salaried,140356.0,218808,Business,371.0,7,65,0.1120666036284924,2018-06-12,1
164,45.0,Other,North,Secondary,,62727.0,258091,Home,562.0,5,92,0.12796210560923937,2018-06-13,1
165,19.0,Female,West,Graduate,Self-Employed,98471.0,332762,Car,311.0,1,78,0.9212424323663846,2018-06-14,1
166,59.0,Female,East,Post-Graduate,Self-Employed,28068.0,269064,Home,440.0,0,85,0.737552867347117,2018-06-15,0
167,62.0,Other,South,Secondary,,136923.0,111121,Education,316.0,4,30,0.8252214884719276,2018-06-16,1
168,23.0,Other,West,Primary,Unemployed,,475435,Education,362.0,8,85,0.11044839658410717,2018-06-17,1
169,45.0,Female,North,Graduate,Unemployed,192232.0,81872,Education,552.0,7,49,0.6917612675203959,2018-06-18,1
170,45.0,Female,South,Secondary,Unemployed,31390.0,348276,Home,764.0,3,9,1.105295425681205,2018-06-19,0
171,,Male,East,Primary,Self-Employed,126752.0,269237,Business,675.0,4,17,0.7197711827544101,2018-06-20,0
172,61.0,Female,North,Graduate,Self-Employed,171203.0,280049,Education,819.0,4,69,1.1251068888371112,2018-06-21,0
173,37.0,Female,North,Primary,Self-Employed,114754.0,126759,Education,389.0,5,58,0.42622655015556865,2018-06-22,0
174,47.0,Other,North,Graduate,Unemployed,95969.0,422567,Home,,2,57,1.2383988062744156,2018-06-23,1
175,28.0,Female,West,Post-Graduate,Self-Employed,166110.0,298125,Car,375.0,4,62,0.9238037366348332,2018-06-24,0
176,45.0,Male,East,Secondary,Salaried,97064.0,341047,Car,699.0,1,95,0.3950683392018687,2018-06-25,1
177,42.0,Female,South,Primary,,41281.0,337965,Business,370.0,9,52,0.4314086661953661,2018-06-26,1
178,56.0,Other,West,Graduate,Self-Employed,74189.0,376344,Business,479.0,0,61,0.9792426503973518,2018-06-27,1
179,,Other,West,Primary,Salaried,68511.0,87289,Education,423.0,0,40,1.2619154304974207,2018-06-28,1
180,18.0,Female,West,Primary,Salaried,142115.0,121506,Home,680.0,9,38,0.6818788948408172,2018-06-29,1
181,44.0,Other,North,Secondary,,28605.0,482237,Education,592.0,6,43,0.4616206007786291,2018-06-30,1
182,30.0,Male,East,Post-Graduate,,120318.0,83513,Business,494.0,1,63,1.3138162496748407,2018-07-01,0
183,58.0,Male,West,Primary,Self-Employed,152453.0,418090,Home,527.0,3,19,1.0369756084511688,2018-07-02,0
184,20.0,Female,South,Graduate,,39810.0,187003,Home,730.0,4,50,0.727319682196307,2018-07-03,0
185,,Female,East,Graduate,,175394.0,405890,Business,735.0,6,33,0.7830602733910225,2018-07-04,0
186,23.0,Female,South,Post-Graduate,Salaried,61869.0,317660,Car,760.0,1,13,0.38595905511095496,2018-07-05,0
187,25.0,Other,East,Graduate,Self-Employed,,264480,Car,320.0,5,78,0.9775236820907814,2018-07-06,1
188,44.0,Male,South,Post-Graduate,Salaried,81388.0,267043,Home,,0,97,0.602239514760044,2018-07-07,0
189,26.0,Male,North,Graduate,Unemployed,30207.0,492790,Education,464.0,6,62,1.493903247344089,2018-07-08,0
190,54.0,Other,West,Secondary,Unemployed,,196758,Car,326.0,8,93,0.7722569213666429,2018-07-09,0
191,50.0,Male,South,Primary,Self-Employed,42031.0,493067,Education,610.0,4,43,0.7802398486654584,2018-07-10,1
192,59.0,Female,East,Secondary,Unemployed,100807.0,336356,Car,584.0,4,49,0.8921925023749405,2018-07-11,1
193,61.0,Female,West,Primary,Unemployed,91312.0,138498,Car,580.0,3,36,1.3834584043662455,2018-07-12,1
194,41.0,Female,West,Primary,Self-Employed,79766.0,259024,Education,463.0,2,10,1.2211453398036505,2018-07-13,0
195,32.0,Male,East,Primary,Unemployed,163521.0,135970,Business,523.0,8,95,0.7315820977169779,2018-07-14,0
196,49.0,Female,South,Secondary,Unemployed,109833.0,95009,Car,445.0,4,6,1.1061789723619144,2018-07-15,0
197,49.0,Other,North,Primary,,131041.0,204570,Car,329.0,7,57,0.9207296982930663,2018-07-16,0
198,41.0,Other,North,Secondary,Salaried,136185.0,428159,Education,,8,1,0.7893138681817484,2018-07-17,0
199,58.0,Male,South,Post-Graduate,Self-Employed,197164.0,202467,Business,770.0,4,71,0.3692420818980907,2018-07-18,1
200,29.0,Other,West,Graduate,Self-Employed,30350.0,49816,Car,333.0,9,58,0.7495107688368472,2018-07-19,0
201,,Other,West,Graduate,Self-Employed,120859.0,9138,Car,726.0,8,91,0.44414602183160445,2018-07-20,1
202,19.0,Male,West,Primary,Salaried,88487.0,498944,Business,520.0,1,21,1.3807790097923165,2018-07-21,0
203,20.0,Female,West,Secondary,Salaried,168694.0,96176,Car,833.0,8,92,0.5695695388948857,2018-07-22,1
204,54.0,Female,South,Graduate,Self-Employed,143853.0,343089,Business,666.0,3,80,1.4331696203467212,2018-07-23,1
205,34.0,Female,West,Secondary,,73117.0,271161,Business,849.0,5,56,0.8462774061325956,2018-07-24,1
206,19.0,Male,East,Secondary,Self-Employed,121084.0,277595,Education,415.0,5,87,0.9841621301466243,2018-07-25,1
207,19.0,Other,West,Primary,Salaried,43782.0,199028,Home,538.0,5,20,0.8601166222850588,2018-07-26,0
208,45.0,Female,North,Graduate,Unemployed,48454.0,361007,Business,634.0,1,54,0.2811328637533812,2018-07-27,0
209,40.0,Female,West,Primary,Unemployed,87904.0,277422,Education,,6,25,0.6261497066111172,2018-07-28,0
210,54.0,Male,South,Primary,Self-Employed,149936.0,226552,Home,447.0,5,28,0.2388045571886735,2018-07-29,1
211,49.0,Female,North,Graduate,Salaried,166664.0,48764,Car,308.0,0,5,0.9721356618567344,2018-07-30,0
212,50.0,Male,South,Graduate,,173245.0,128030,Home,587.0,1,21,0.7256238732806144,2018-07-31,0
213,18.0,Other,South,Post-Graduate,Unemployed,184276.0,399350,Business,687.0,6,18,1.1891789601993115,2018-08-01,0
214,36.0,Male,North,Post-Graduate,Unemployed,186668.0,330087,Business,349.0,0,47,0.40865867339911777,2018-08-02,0
215,19.0,Male,South,Secondary,Salaried,185396.0,100667,Business,816.0,0,70,0.33039248180106884,2018-08-03,1
216,61.0,Male,South,Graduate,Salaried,142258.0,321462,Business,577.0,0,57,0.6688651233492748,2018-08-04,1
217,43.0,Male,West,Post-Graduate,Salaried,131668.0,370567,Business,599.0,7,93,1.3972195365057336,2018-08-05,0
218,49.0,Other,East,Secondary,,144184.0,371142,Education,434.0,3,19,1.0945905410173764,2018-08-06,0
219,23.0,Other,South,Secondary,Salaried,,65128,Business,446.0,3,97,0.686493074710086,2018-08-07,0
220,,Female,South,Secondary,Salaried,36566.0,224128,Education,,1,65,0.8241810376560347,2018-08-08,1
221,21.0,Other,South,Post-Graduate,Self-Employed,158262.0,289013,Car,777.0,0,3,0.21789821564793765,2018-08-09,1
222,28.0,Other,West,Graduate,Salaried,,238540,Business,458.0,9,42,1.4784062549265584,2018-08-10,1
223,34.0,Female,East,Primary,Unemployed,141929.0,10039,Business,683.0,8,21,1.0329702265728864,2018-08-11,0
224,55.0,Other,North,Secondary,Self-Employed,109571.0,157353,Home,462.0,6,99,0.4995656958487914,2018-08-12,1
225,41.0,Male,West,Post-Graduate,Salaried,140263.0,117935,Car,740.0,3,40,0.920131751901342,2018-08-13,1
226,22.0,Male,West,Post-Graduate,Unemployed,152661.0,15442,Business,488.0,5,67,0.2532753124965915,2018-08-14,1
227,51.0,Female,East,Primary,Self-Employed,45235.0,340932,Business,714.0,1,25,1.452171336330617,2018-08-15,1
228,23.0,Female,East,Primary,Unemployed,20159.0,386873,Car,638.0,6,55,0.3446989830367123,2018-08-16,1
229,39.0,Female,West,Post-Graduate,Salaried,163217.0,294730,Education,480.0,1,84,1.0072424452773,2018-08-17,0
230,28.0,Male,North,Graduate,Salaried,,58053,Business,,9,52,0.4436362475545026,2018-08-18,0
231,33.0,Other,West,Primary,Salaried,124859.0,186561,Home,486.0,7,44,1.1045859357079502,2018-08-19,0
232,50.0,Male,East,Post-Graduate,Salaried,167309.0,219176,Business,,7,98,1.1875499141363934,2018-08-20,0
233,26.0,Female,North,Primary,Self-Employed,127507.0,91346,Home,429.0,0,85,1.0427876204760056,2018-08-21,1
234,23.0,Other,East,Graduate,Self-Employed,159316.0,334231,Home,493.0,7,56,0.9602992443572694,2018-08-22,0
235,33.0,Other,North,Secondary,Unemployed,34743.0,410841,Business,615.0,1,55,1.3494567315328163,2018-08-23,0
236,46.0,Male,South,Primary,Salaried,66101.0,39397,Business,443.0,5,87,0.21007739538566125,2018-08-24,0
237,20.0,Female,East,Graduate,Unemployed,141534.0,325815,Home,,0,70,0.5632806720922733,2018-08-25,1
238,37.0,Male,East,Post-Graduate,,,121214,Car,601.0,4,77,0.4476024714831843,2018-08-26,0
239,53.0,Other,West,Primary,Salaried,,490001,Car,722.0,6,87,1.4832195468915903,2018-08-27,1
240,36.0,Male,East,Primary,Salaried,76071.0,334041,Business,544.0,9,73,0.6451456915336228,2018-08-28,1
241,,Male,East,Post-Graduate,Self-Employed,94763.0,162221,Education,406.0,0,81,1.1256577789365583,2018-08-29,1
242,20.0,Female,South,Secondary,Self-Employed,163309.0,458246,Car,387.0,1,66,1.0586152294334064,2018-08-30,0
243,36.0,Female,East,Post-Graduate,Self-Employed,166721.0,468122,Business,428.0,6,19,0.39691373246832884,2018-08-31,1
244,37.0,Other,South,Primary,,188785.0,403499,Car,640.0,5,83,0.4345967522961718,2018-09-01,0
245,49.0,Male,South,Post-Graduate,Self-Employed,196481.0,405826,Education,303.0,2,7,0.49379838897424777,2018-09-02,0
246,24.0,Male,South,Graduate,Salaried,,441542,Business,626.0,9,63,0.6755781895631309,2018-09-03,0
247,58.0,Male,South,Post-Graduate,Self-Employed,66154.0,282068,Education,709.0,1,42,0.42805509191073754,2018-09-04,1
248,50.0,Other,North,Primary,Salaried,27016.0,118143,Business,605.0,9,42,0.12751207584558694,2018-09-05,1
249,57.0,Other,West,Post-Graduate,,199760.0,377397,Education,524.0,3,59,1.3311502795300736,2018-09-06,0
250,56.0,Female,North,Secondary,Self-Employed,109678.0,474378,Car,,2,20,1.4518537639332376,2018-09-07,1
251,35.0,Female,East,Post-Graduate,Self-Employed,132056.0,367441,Car,620.0,6,73,0.5781985418441951,2018-09-08,1
252,57.0,Female,North,Secondary,Salaried,74238.0,268013,Education,480.0,7,17,0.573909631195662,2018-09-09,1
253,18.0,Male,North,Graduate,Self-Employed,78608.0,364232,Education,685.0,1,27,0.10992853788411938,2018-09-10,0
254,28.0,Male,East,Secondary,Self-Employed,109081.0,268158,Education,407.0,9,47,1.0523509636625237,2018-09-11,1
255,45.0,Female,East,Post-Graduate,Self-Employed,182969.0,15103,Business,830.0,6,2,1.2556158540480802,2018-09-12,1
256,42.0,Male,East,Primary,Unemployed,70961.0,480738,Car,709.0,7,63,0.30525162050400445,2018-09-13,0
257,40.0,Female,North,Secondary,Salaried,195829.0,377461,Business,595.0,5,62,0.323532889114011,2018-09-14,1
258,48.0,Other,North,Graduate,Unemployed,46917.0,494223,Car,470.0,5,19,1.2061165499600128,2018-09-15,0
259,47.0,Female,East,Secondary,Self-Employed,173808.0,431674,Home,630.0,9,17,0.9628070476958025,2018-09-16,1
260,59.0,Other,West,Secondary,Unemployed,47990.0,488821,Business,792.0,0,69,0.16280478067880383,2018-09-17,1
261,52.0,Male,West,Secondary,Self-Employed,82551.0,87409,Car,494.0,3,39,0.9715657866471943,2018-09-18,1
262,24.0,Female,South,Graduate,Unemployed,173512.0,28248,Car,311.0,0,82,0.5324848119812725,2018-09-19,1
263,33.0,Male,East,Post-Graduate,Self-Employed,186277.0,487376,Business,494.0,3,71,0.6162152176591843,2018-09-20,1
264,43.0,Other,South,Secondary,Unemployed,100811.0,179588,Business,789.0,1,81,1.1776239856156323,2018-09-21,1
265,19.0,Other,West,Secondary,Unemployed,75103.0,427277,Car,481.0,4,39,1.2353092697416548,2018-09-22,0
266,18.0,Other,South,Primary,Unemployed,192699.0,160242,Business,615.0,9,36,0.6604992775757629,2018-09-23,1
267,,Male,East,Graduate,Salaried,126122.0,13024,Education,329.0,8,40,1.4260141104088966,2018-09-24,1
268,22.0,Male,East,Secondary,Unemployed,39008.0,480430,Business,395.0,9,45,0.6690478051329011,2018-09-25,1
269,54.0,Male,East,Graduate,Salaried,52402.0,239864,Business,680.0,2,4,1.1805704493221538,2018-09-26,0
270,49.0,Male,North,Secondary,Self-Employed,156865.0,353091,Business,743.0,7,25,0.7774281703899626,2018-09-27,0
271,26.0,Other,South,Post-Graduate,Unemployed,156643.0,179875,Car,597.0,2,69,1.3565452571309176,2018-09-28,0
272,58.0,Other,West,Post-Graduate,Self-Employed,,417512,Education,660.0,5,30,1.37086574111025,2018-09-29,1
273,52.0,Female,West,Secondary,Self-Employed,133550.0,358973,Home,673.0,3,76,0.2223835310195174,2018-09-30,1
274,36.0,Female,West,Post-Graduate,Unemployed,,359852,Home,602.0,7,68,1.411090663834316,2018-10-01,0
275,33.0,Male,North,Secondary,Salaried,111218.0,353808,Education,720.0,5,88,1.2557487781285819,2018-10-02,0
276,20.0,Other,North,Post-Graduate,Unemployed,153296.0,416473,Education,545.0,7,29,1.2078350000377336,2018-10-03,0
277,37.0,Other,East,Primary,Self-Employed,199767.0,148927,Education,536.0,0,73,0.3812758755597314,2018-10-04,1
278,41.0,Other,West,Primary,Self-Employed,140779.0,90178,Car,833.0,5,68,1.2271668922565309,2018-10-05,0
279,50.0,Female,North,Primary,Unemployed,149714.0,368265,Home,484.0,0,51,1.2901858285590515,2018-10-06,1
280,41.0,Female,East,Graduate,Salaried,52441.0,287169,Education,767.0,0,24,0.5048104682358113,2018-10-07,1
281,28.0,Other,West,Graduate,,190201.0,402674,Car,662.0,7,14,1.4331641097072532,2018-10-08,1
282,25.0,Other,South,Primary,Self-Employed,82368.0,68610,Home,582.0,6,69,0.16980420495882995,2018-10-09,0
283,53.0,Other,East,Graduate,Self-Employed,112122.0,75843,Business,635.0,2,18,0.3098729545459955,2018-10-10,1
284,55.0,Female,North,Post-Graduate,Salaried,64760.0,112237,Car,461.0,5,42,0.8526135932721199,2018-10-11,0
285,57.0,Other,North,Secondary,Unemployed,43478.0,482177,Home,459.0,8,57,0.9061094595712335,2018-10-12,0
286,37.0,Other,East,Secondary,Self-Employed,147881.0,185903,Car,773.0,6,83,1.0032101166212648,2018-10-13,0
287,52.0,Male,East,Secondary,Salaried,91854.0,179499,Home,621.0,2,12,0.12375678104165305,2018-10-14,0
288,42.0,Male,North,Primary,Self-Employed,114230.0,492025,Home,,5,82,1.4445134844709824,2018-10-15,1
289,52.0,Female,South,Graduate,Unemployed,105716.0,135299,Business,723.0,3,17,0.16242332982780158,2018-10-16,1
290,42.0,Other,West,Post-Graduate,,163252.0,436722,Car,,2,30,0.30028673381276333,2018-10-17,1
291,46.0,Other,South,Post-Graduate,,,10668,Education,500.0,8,88,0.11962032453647978,2018-10-18,1
292,35.0,Male,East,Primary,Unemployed,35372.0,227542,Business,821.0,9,75,0.8936018066117325,2018-10-19,0
293,63.0,Female,South,Post-Graduate,Self-Employed,49796.0,183267,Business,804.0,1,99,1.405173637489361,2018-10-20,0
294,35.0,Male,North,Post-Graduate,Unemployed,118826.0,340377,Home,338.0,0,23,1.03232603251265,2018-10-21,0
295,19.0,Male,East,Post-Graduate,Unemployed,,160489,Education,359.0,1,81,1.2517204558725983,2018-10-22,0
296,52.0,Male,West,Post-Graduate,Salaried,113635.0,349126,Car,,6,1,0.11859368484201212,2018-10-23,1
297,33.0,Male,North,Graduate,Unemployed,131022.0,111133,Education,734.0,9,79,0.8588214178716165,2018-10-24,0
298,,Other,North,Post-Graduate,Self-Employed,74040.0,277895,Education,707.0,0,32,0.7433881685077306,2018-10-25,1
299,53.0,Other,West,Secondary,Unemployed,95357.0,313362,Education,685.0,5,9,0.7985551219091102,2018-10-26,0
300,50.0,Male,West,Primary,Unemployed,98356.0,393793,Education,377.0,6,15,0.20109845946926314,2018-10-27,0
301,,Female,South,Graduate,Salaried,,274496,Education,493.0,8,28,1.0582095054970304,2018-10-28,0
302,,Female,East,Post-Graduate,Unemployed,125426.0,215124,Home,,7,24,0.8045085808020882,2018-10-29,0
303,31.0,Female,West,Graduate,Unemployed,25842.0,93835,Home,826.0,5,60,1.1712083898057695,2018-10-30,1
304,,Female,West,Post-Graduate,Self-Employed,86852.0,102493,Business,823.0,2,35,0.7794068876864014,2018-10-31,1
305,,Male,East,Secondary,,145737.0,296071,Home,455.0,7,86,0.30913429071700493,2018-11-01,1
306,25.0,Other,West,Primary,Salaried,65968.0,177166,Business,639.0,6,27,1.0075597357089507,2018-11-02,1
307,24.0,Female,West,Post-Graduate,Salaried,37508.0,106948,Business,424.0,2,83,0.34134090694723274,2018-11-03,0
308,20.0,Male,South,Post-Graduate,Unemployed,173077.0,190194,Car,579.0,8,76,1.3213523886967409,2018-11-04,0
309,34.0,Female,North,Post-Graduate,Salaried,74575.0,34493,Education,427.0,1,20,0.958362734696938,2018-11-05,1
310,50.0,Female,North,Post-Graduate,Unemployed,170043.0,490463,Home,,2,65,0.3200854369797359,2018-11-06,1
311,29.0,Male,North,Primary,Unemployed,176671.0,471755,Car,631.0,1,85,1.4472732804736896,2018-11-07,0
312,,Other,North,Primary,Self-Employed,86914.0,298851,Home,449.0,0,49,0.8257116486694488,2018-11-08,0
313,39.0,Other,West,Secondary,Self-Employed,87055.0,204886,Business,753.0,3,1,0.202057832620317,2018-11-09,1
314,63.0,Male,East,Primary,Self-Employed,107697.0,143368,Home,335.0,4,10,0.977566066181094,2018-11-10,1
315,,Other,East,Post-Graduate,Self-Employed,126239.0,161470,Education,719.0,5,47,0.45447846981793427,2018-11-11,1
316,55.0,Male,South,Secondary,Self-Employed,143106.0,302986,Business,321.0,4,59,1.2251708326282233,2018-11-12,0
317,55.0,Male,South,Secondary,,25355.0,18261,Business,505.0,0,96,1.2449509029926669,2018-11-13,1
318,62.0,Male,West,Secondary,Unemployed,74120.0,81709,Car,655.0,2,62,1.4705262981965266,2018-11-14,1
319,25.0,Other,East,Post-Graduate,Salaried,,100985,Education,739.0,0,86,0.8026173434343051,2018-11-15,1
320,44.0,Male,East,Graduate,Unemployed,22257.0,373760,Business,395.0,4,18,0.7369396316188319,2018-11-16,1
321,44.0,Female,North,Post-Graduate,Unemployed,47364.0,454920,Education,,4,46,1.1548658476250728,2018-11-17,1
322,51.0,Other,West,Primary,Self-Employed,,334317,Home,447.0,5,32,0.2854589188786972,2018-11-18,0
323,38.0,Other,West,Primary,,131715.0,298925,Education,829.0,7,27,0.8656817193103739,2018-11-19,1
324,47.0,Other,North,Post-Graduate,Self-Employed,46654.0,280796,Business,593.0,9,92,0.8647466401831913,2018-11-20,0
325,50.0,Other,West,Post-Graduate,Salaried,101423.0,272247,Car,494.0,0,18,0.2252623719345421,2018-11-21,1
326,45.0,Female,West,Secondary,Salaried,49320.0,292644,Business,779.0,3,39,0.6851777197096789,2018-11-22,1
327,64.0,Other,South,Post-Graduate,,40808.0,251404,Education,422.0,9,49,1.2945987179940828,2018-11-23,1
328,50.0,Other,East,Secondary,,72389.0,105336,Education,699.0,0,93,1.2986150707925244,2018-11-24,0
329,22.0,Male,West,Primary,Unemployed,138581.0,433745,Business,751.0,8,82,0.2389327308875534,2018-11-25,0
330,36.0,Other,South,Secondary,Salaried,147927.0,118499,Education,403.0,6,44,0.2270092358469632,2018-11-26,0
331,,Female,East,Post-Graduate,Self-Employed,54773.0,154524,Home,761.0,6,72,0.46777366780270935,2018-11-27,1
332,52.0,Female,North,Primary,Self-Employed,178819.0,316537,Business,695.0,4,54,1.3246724875755909,2018-11-28,1
333,34.0,Female,South,Graduate,Self-Employed,96396.0,429390,Car,636.0,6,95,0.2804636191028985,2018-11-29,0
334,61.0,Female,South,Secondary,Self-Employed,127692.0,462666,Business,441.0,1,34,1.1079955236784247,2018-11-30,0
335,45.0,Other,East,Primary,Unemployed,,171508,Home,616.0,3,71,0.2416318674583445,2018-12-01,1
336,47.0,Other,North,Secondary,Salaried,105896.0,314550,Home,826.0,6,36,0.9723929952469554,2018-12-02,0
337,46.0,Female,South,Primary,Unemployed,38135.0,330203,Home,700.0,2,18,0.5984942187668028,2018-12-03,1
338,63.0,Female,West,Primary,Self-Employed,110887.0,152026,Home,,1,38,1.204479548152214,2018-12-04,0
339,23.0,Other,West,Secondary,Unemployed,142118.0,349866,Home,794.0,9,59,0.427166628355509,2018-12-05,0
340,52.0,Female,West,Graduate,Salaried,67377.0,255819,Car,408.0,1,9,0.9948825611459436,2018-12-06,0
341,58.0,Male,North,Primary,Unemployed,174626.0,17356,Education,671.0,0,73,0.42995554840623895,2018-12-07,1
342,54.0,Female,South,Primary,Salaried,82491.0,133128,Home,505.0,4,72,1.0991243963570152,2018-12-08,1
343,41.0,Female,West,Primary,Unemployed,78283.0,496715,Home,342.0,5,51,1.3231492483850482,2018-12-09,0
344,46.0,Male,North,Graduate,,36923.0,7187,Business,544.0,5,35,0.27752251877746403,2018-12-10,1
345,63.0,Male,West,Graduate,Salaried,67591.0,344387,Car,586.0,8,82,1.313233964033705,2018-12-11,1
346,48.0,Other,East,Post-Graduate,,82261.0,302242,Car,654.0,3,5,0.931005356180017,2018-12-12,1
347,52.0,Other,South,Secondary,Salaried,,490687,Education,775.0,0,14,0.27795468721383354,2018-12-13,1
348,50.0,Male,South,Graduate,Self-Employed,94083.0,157297,Car,382.0,5,92,0.6985585975035967,2018-12-14,0
349,38.0,Male,North,Secondary,Self-Employed,,139678,Business,409.0,4,30,0.32520441087913704,2018-12-15,1
350,49.0,Other,North,Post-Graduate,Self-Employed,184074.0,324764,Business,489.0,9,4,1.0804870444131973,2018-12-16,1
351,40.0,Female,South,Secondary,Unemployed,46672.0,431044,Education,550.0,5,39,1.1624153881851296,2018-12-17,0
352,50.0,Male,West,Graduate,,24213.0,131270,Business,,2,84,0.24811512838191854,2018-12-18,1
353,20.0,Other,West,Secondary,Unemployed,161365.0,424705,Home,500.0,1,64,0.808595793772502,2018-12-19,1
354,35.0,Female,East,Graduate,Unemployed,82507.0,281531,Home,625.0,5,25,1.2404750784362841,2018-12-20,1
355,42.0,Male,West,Secondary,Salaried,,336607,Business,810.0,0,28,1.4106282581713951,2018-12-21,0
356,59.0,Female,North,Graduate,Salaried,,470048,Education,708.0,6,76,0.818925013438478,2018-12-22,0
357,48.0,Other,North,Graduate,Unemployed,48172.0,494196,Car,807.0,6,66,1.4303909130559698,2018-12-23,1
358,20.0,Male,West,Secondary,,40132.0,247998,Education,371.0,9,78,0.8499645586384417,2018-12-24,1
359,57.0,Female,North,Post-Graduate,Salaried,38199.0,400807,Car,546.0,6,22,0.651866692439871,2018-12-25,0
360,63.0,Male,South,Primary,Self-Employed,,246503,Business,643.0,9,31,1.2874843799740536,2018-12-26,0
361,41.0,Female,South,Post-Graduate,Self-Employed,,446732,Business,353.0,0,23,0.7901757946413246,2018-12-27,0
362,49.0,Other,West,Secondary,Self-Employed,159088.0,358827,Home,827.0,3,48,0.7606635147903322,2018-12-28,1
363,64.0,Other,South,Post-Graduate,Self-Employed,190851.0,67061,Car,,6,20,0.7864374851737596,2018-12-29,1
364,39.0,Male,South,Graduate,Salaried,51881.0,240497,Education,492.0,8,38,1.2854990026176436,2018-12-30,0
365,40.0,Female,East,Primary,Unemployed,44472.0,464952,Business,357.0,4,55,1.264718158363273,2018-12-31,1
366,19.0,Male,East,Secondary,Salaried,187093.0,86257,Education,736.0,1,68,0.6649279894162956,2019-01-01,1
367,44.0,Male,South,Secondary,Salaried,74131.0,66753,Home,410.0,6,79,0.566619803818735,2019-01-02,1
368,59.0,Female,West,Secondary,Salaried,175159.0,351918,Car,428.0,9,88,0.7886992336547809,2019-01-03,1
369,19.0,Female,East,Primary,Self-Employed,,409303,Car,625.0,0,89,0.9018815136319526,2019-01-04,1
370,43.0,Female,North,Graduate,Self-Employed,,429032,Business,307.0,6,1,0.43367209487919567,2019-01-05,1
371,34.0,Other,North,Secondary,Self-Employed,152473.0,28408,Car,328.0,5,7,1.211537118601827,2019-01-06,1
372,57.0,Male,North,Post-Graduate,Unemployed,35193.0,129116,Business,411.0,6,57,0.781075872025392,2019-01-07,0
373,50.0,Male,West,Secondary,Salaried,195936.0,136208,Home,430.0,9,95,0.5676637677879434,2019-01-08,0
374,26.0,Other,South,Secondary,Unemployed,171379.0,22413,Car,,2,12,0.24954939014958685,2019-01-09,0
375,60.0,Female,North,Secondary,Self-Employed,,118650,Business,,2,5,0.43438322456504963,2019-01-10,0
376,56.0,Other,West,Secondary,Unemployed,39611.0,64500,Education,663.0,6,50,1.4289936404583772,2019-01-11,0
377,46.0,Other,East,Graduate,,194863.0,351658,Business,503.0,1,42,0.5271395615473372,2019-01-12,0
378,59.0,Other,South,Post-Graduate,Salaried,,61358,Car,511.0,0,12,0.33640300511384946,2019-01-13,0
379,,Male,East,Graduate,Self-Employed,96240.0,71197,Home,575.0,8,18,0.7449419083169904,2019-01-14,0
380,52.0,Other,West,Post-Graduate,Self-Employed,22745.0,498992,Car,372.0,8,66,0.5299228407043481,2019-01-15,0
381,42.0,Male,North,Secondary,Unemployed,75243.0,228861,Car,542.0,6,74,0.14922295037967181,2019-01-16,1
382,41.0,Male,North,Primary,Self-Employed,23866.0,228492,Business,401.0,6,79,0.5524033041911841,2019-01-17,1
383,30.0,Male,West,Graduate,Self-Employed,183317.0,266545,Education,470.0,2,94,0.861752073515256,2019-01-18,0
384,24.0,Female,North,Primary,Salaried,195796.0,431070,Car,487.0,9,17,0.8723973208279536,2019-01-19,1
385,53.0,Male,South,Graduate,Self-Employed,148681.0,81240,Education,,1,68,0.5991824896476442,2019-01-20,1
386,62.0,Male,West,Secondary,Self-Employed,91354.0,240595,Business,385.0,6,71,0.7262238587536408,2019-01-21,0
387,37.0,Female,East,Graduate,Salaried,71374.0,226135,Education,775.0,8,62,1.451725085528673,2019-01-22,0
388,18.0,Male,West,Secondary,Salaried,134397.0,283466,Business,351.0,0,41,0.6282878681224362,2019-01-23,0
389,25.0,Other,South,Graduate,Unemployed,144577.0,380197,Home,410.0,3,95,0.46151753856397615,2019-01-24,1
390,63.0,Other,South,Secondary,Self-Employed,181188.0,11968,Education,342.0,5,34,0.4408538616934642,2019-01-25,1
391,33.0,Male,West,Secondary,Salaried,101029.0,294662,Education,510.0,6,70,0.7408704577857878,2019-01-26,0
392,,Female,West,Post-Graduate,Unemployed,113574.0,319069,Home,499.0,9,45,1.1633282082037217,2019-01-27,1
393,29.0,Other,North,Secondary,Unemployed,171519.0,195920,Education,325.0,6,58,0.3883834578638624,2019-01-28,1
394,40.0,Female,South,Post-Graduate,Self-Employed,50431.0,379044,Home,598.0,9,51,1.0930145779970752,2019-01-29,1
395,,Female,West,Secondary,Self-Employed,168980.0,360566,Car,376.0,1,34,0.1296097526891828,2019-01-30,0
396,,Other,West,Primary,Unemployed,49336.0,268844,Business,436.0,3,44,0.6865061691775244,2019-01-31,1
397,51.0,Female,South,Secondary,Salaried,60992.0,360926,Home,,4,15,1.1862110912839017,2019-02-01,1
398,,Other,West,Primary,Unemployed,,237076,Education,739.0,0,78,0.574226138084204,2019-02-02,1
399,49.0,Female,North,Primary,Self-Employed,,28199,Home,510.0,0,70,0.8892319420235592,2019-02-03,1
400,40.0,Other,South,Secondary,Salaried,71955.0,442805,Education,734.0,9,50,0.38697092595627514,2019-02-04,1
401,,Male,North,Primary,Salaried,81240.0,168187,Car,506.0,2,32,1.1387935475766413,2019-02-05,1
402,42.0,Other,North,Post-Graduate,Unemployed,171165.0,460150,Home,738.0,9,67,0.17319074457626346,2019-02-06,1
403,39.0,Other,North,Graduate,Self-Employed,157227.0,190388,Car,341.0,2,3,1.2935597028257004,2019-02-07,0
404,,Other,North,Secondary,,66607.0,10520,Business,710.0,7,86,0.3774749409903354,2019-02-08,0
405,59.0,Other,South,Primary,Unemployed,184559.0,114814,Education,822.0,8,86,1.3241572443916632,2019-02-09,1
406,23.0,Female,North,Secondary,Unemployed,172035.0,172527,Education,726.0,0,74,0.5935409378207243,2019-02-10,0
407,32.0,Male,North,Post-Graduate,,72870.0,251356,Car,574.0,1,51,1.1117570042642813,2019-02-11,1
408,60.0,Other,West,Secondary,Salaried,84110.0,484681,Business,747.0,9,67,0.5469154169006638,2019-02-12,1
409,54.0,Female,South,Secondary,Self-Employed,,128364,Home,668.0,1,76,1.3682763397285065,2019-02-13,1
410,50.0,Male,South,Primary,Self-Employed,136895.0,439821,Home,519.0,3,93,0.27729197572572406,2019-02-14,0
411,25.0,Male,East,Post-Graduate,Unemployed,24426.0,19955,Education,531.0,1,48,0.34992770498163817,2019-02-15,1
412,61.0,Male,South,Graduate,,47606.0,180121,Car,627.0,6,17,0.7902421752223231,2019-02-16,1
413,61.0,Male,South,Graduate,Unemployed,198904.0,149989,Car,742.0,8,7,0.21471381465340456,2019-02-17,0
414,22.0,Other,East,Primary,Self-Employed,48151.0,468509,Home,351.0,6,13,0.3743722585824667,2019-02-18,0
415,56.0,Other,South,Secondary,Salaried,31308.0,476797,Business,675.0,5,66,1.42127293509682,2019-02-19,1
416,21.0,Female,South,Primary,Salaried,196743.0,255144,Business,562.0,9,4,1.467085525607042,2019-02-20,0
417,23.0,Female,South,Primary,Unemployed,110306.0,69925,Home,566.0,0,10,0.6267630610625906,2019-02-21,0
418,62.0,Female,South,Primary,Unemployed,126984.0,374360,Home,658.0,9,88,1.39260042941951,2019-02-22,1
419,49.0,Male,East,Secondary,Unemployed,22204.0,75269,Car,616.0,8,17,0.8627545459428043,2019-02-23,1
420,47.0,Male,South,Post-Graduate,Unemployed,112769.0,429170,Business,623.0,4,52,0.47763945222327386,2019-02-24,1
421,64.0,Other,South,Primary,Self-Employed,107265.0,494887,Home,720.0,4,6,1.083358209512838,2019-02-25,0
422,52.0,Male,East,Secondary,Salaried,51131.0,470833,Home,345.0,5,83,1.0224625292048,2019-02-26,0
423,57.0,Male,West,Post-Graduate,Unemployed,72428.0,308602,Education,,8,69,1.4847754467522267,2019-02-27,0
424,33.0,Male,North,Primary,Self-Employed,,356181,Home,680.0,7,96,0.47106620237299657,2019-02-28,1
425,30.0,Female,West,Graduate,Unemployed,123547.0,157185,Home,417.0,7,74,1.0408833037264296,2019-03-01,0
426,59.0,Female,East,Post-Graduate,Unemployed,69067.0,104977,Business,415.0,7,9,0.17283325704122565,2019-03-02,0
427,47.0,Other,North,Primary,Salaried,132217.0,488442,Car,559.0,0,91,0.2591044541754072,2019-03-03,1
428,36.0,Male,East,Post-Graduate,Unemployed,172679.0,311083,Business,374.0,0,77,0.10548572493153058,2019-03-04,1
429,34.0,Male,East,Post-Graduate,,176040.0,34345,Car,779.0,7,83,1.4992449534835424,2019-03-05,1
430,36.0,Other,South,Post-Graduate,Salaried,118934.0,260688,Education,604.0,4,21,1.2231831760064689,2019-03-06,0
431,45.0,Male,North,Post-Graduate,,162980.0,444529,Home,306.0,8,24,1.201412220626957,2019-03-07,1
432,43.0,Male,South,Post-Graduate,Self-Employed,177495.0,377251,Education,665.0,1,4,0.8136165054034515,2019-03-08,0
433,54.0,Female,North,Post-Graduate,Self-Employed,94707.0,389010,Car,822.0,8,24,0.5200939160676159,2019-03-09,0
434,43.0,Other,East,Primary,Salaried,81215.0,490581,Business,,7,59,0.3117699982477463,2019-03-10,1
435,40.0,Other,East,Graduate,Unemployed,69429.0,266798,Business,737.0,8,99,0.49854463438504915,2019-03-11,1
436,26.0,Other,West,Secondary,Salaried,102152.0,498814,Education,514.0,3,3,0.6263597107007947,2019-03-12,1
437,29.0,Other,North,Post-Graduate,,128048.0,336310,Car,728.0,0,68,1.1588341357724117,2019-03-13,1
438,,Female,South,Secondary,Salaried,189530.0,183933,Education,797.0,0,40,0.8555265044644134,2019-03-14,1
439,18.0,Female,West,Primary,Unemployed,197241.0,102406,Education,839.0,4,48,0.20847707717767577,2019-03-15,0
440,64.0,Male,West,Post-Graduate,Self-Employed,158731.0,316442,Home,666.0,1,54,0.12524061254247715,2019-03-16,0
441,51.0,Male,West,Graduate,Unemployed,,445437,Education,612.0,7,35,0.24326505134768842,2019-03-17,0
442,49.0,Male,South,Secondary,Salaried,183865.0,312086,Home,837.0,9,95,0.674698199176331,2019-03-18,1
443,42.0,Male,West,Post-Graduate,Self-Employed,133688.0,8453,Home,353.0,4,56,1.4064700838686257,2019-03-19,0
444,57.0,Female,South,Primary,Unemployed,66473.0,107811,Business,840.0,4,89,0.9923634736929101,2019-03-20,1
445,62.0,Other,West,Graduate,,116762.0,59935,Home,766.0,1,40,1.2225562598257211,2019-03-21,1
446,18.0,Female,South,Secondary,Unemployed,126956.0,389583,Home,463.0,6,77,0.7529244323063679,2019-03-22,0
447,33.0,Male,East,Secondary,Unemployed,138452.0,179442,Business,633.0,7,68,0.6063325164730599,2019-03-23,0
448,56.0,Female,East,Post-Graduate,Unemployed,146311.0,275472,Education,846.0,9,46,0.2517605218032718,2019-03-24,1
449,22.0,Other,East,Graduate,Self-Employed,27006.0,20534,Car,647.0,0,78,1.326306231060687,2019-03-25,0
450,39.0,Other,East,Graduate,Self-Employed,94218.0,352424,Car,572.0,1,13,1.196424040639064,2019-03-26,1
451,46.0,Female,East,Graduate,Self-Employed,184912.0,483141,Car,713.0,9,27,0.3353653366368151,2019-03-27,0
452,20.0,Female,West,Graduate,Self-Employed,52430.0,41320,Education,799.0,3,6,0.8171647894267646,2019-03-28,0
453,,Female,West,Primary,,43091.0,54170,Home,392.0,4,17,0.7823247310897428,2019-03-29,0
454,43.0,Male,West,Graduate,,184055.0,105546,Car,378.0,1,36,0.9751281737611399,2019-03-30,0
455,33.0,Female,South,Secondary,Unemployed,43989.0,85201,Education,516.0,0,99,1.4246616515877657,2019-03-31,0
456,54.0,Female,South,Secondary,Unemployed,95451.0,239473,Home,,8,81,0.9116800184674714,2019-04-01,1
457,39.0,Female,South,Primary,Self-Employed,38990.0,275784,Business,,0,2,0.8563041734900659,2019-04-02,0
458,46.0,Other,South,Secondary,Unemployed,110270.0,236324,Car,480.0,3,77,0.1704521061085295,2019-04-03,0
459,31.0,Other,East,Secondary,,100360.0,489273,Home,545.0,1,52,0.1880704664252335,2019-04-04,0
460,,Male,East,Graduate,Unemployed,56081.0,166121,Car,543.0,3,66,0.36228550785750446,2019-04-05,1
461,22.0,Male,East,Secondary,Salaried,162105.0,403834,Car,805.0,7,52,0.1454590803684476,2019-04-06,1
462,64.0,Other,North,Primary,Salaried,128272.0,238612,Car,,7,92,1.1406940537980175,2019-04-07,1
463,47.0,Other,West,Graduate,Self-Employed,36241.0,192125,Home,619.0,8,43,1.1126624255915485,2019-04-08,1
464,63.0,Other,South,Post-Graduate,Self-Employed,144932.0,400136,Education,386.0,4,90,0.2904787282043001,2019-04-09,1
465,22.0,Female,South,Graduate,Self-Employed,25939.0,311081,Home,516.0,6,22,1.2705104611133933,2019-04-10,0
466,29.0,Female,East,Primary,,133000.0,205796,Car,,2,55,0.3167004487845567,2019-04-11,0
467,33.0,Other,South,Graduate,Self-Employed,198634.0,148279,Home,,9,67,0.5216458217963023,2019-04-12,0
468,43.0,Female,South,Graduate,Salaried,55063.0,201846,Business,,3,99,0.448567658825911,2019-04-13,1
469,43.0,Female,West,Primary,Unemployed,178117.0,169044,Education,468.0,9,60,0.6212299380022669,2019-04-14,1
470,38.0,Male,East,Graduate,Self-Employed,195841.0,409015,Home,629.0,8,58,0.45652927224594664,2019-04-15,0
471,56.0,Other,West,Primary,,67118.0,207160,Business,740.0,9,12,0.7845312970138328,2019-04-16,1
472,53.0,Other,North,Primary,,104703.0,427132,Education,690.0,9,88,0.6703710338965595,2019-04-17,1
473,50.0,Female,North,Post-Graduate,Self-Employed,172697.0,75463,Business,795.0,0,69,1.4811972870910572,2019-04-18,1
474,47.0,Other,North,Secondary,Unemployed,148557.0,98500,Education,680.0,1,84,0.17829689017951594,2019-04-19,0
475,54.0,Male,East,Secondary,Salaried,47076.0,212772,Home,605.0,4,39,0.29905392694229227,2019-04-20,0
476,40.0,Male,South,Graduate,Salaried,64605.0,42158,Business,812.0,2,13,0.17395625147204347,2019-04-21,1
477,27.0,Male,East,Graduate,Unemployed,104565.0,89607,Car,487.0,1,41,0.976177672975326,2019-04-22,1
478,22.0,Other,East,Post-Graduate,Self-Employed,59121.0,386783,Business,815.0,0,57,0.17631298837920742,2019-04-23,1
479,,Other,South,Post-Graduate,Unemployed,51433.0,250017,Education,726.0,9,53,1.2710156323265727,2019-04-24,1
480,,Other,West,Post-Graduate,Salaried,63309.0,338840,Home,801.0,2,12,0.8167140829546988,2019-04-25,0
481,48.0,Other,North,Primary,Unemployed,87468.0,328654,Education,559.0,0,13,0.8378106744141471,2019-04-26,1
482,27.0,Other,West,Post-Graduate,Unemployed,195326.0,125076,Business,812.0,0,74,0.8862323107970719,2019-04-27,0
483,36.0,Male,North,Post-Graduate,Salaried,87293.0,63692,Business,370.0,0,97,0.339139188828695,2019-04-28,0
484,49.0,Female,East,Graduate,Unemployed,116258.0,135841,Car,777.0,7,57,0.3767664243602825,2019-04-29,0
485,18.0,Male,North,Post-Graduate,Unemployed,188925.0,197816,Home,477.0,2,40,0.5463442520222065,2019-04-30,1
486,22.0,Other,East,Primary,Self-Employed,58405.0,282954,Home,756.0,0,80,0.930894982150592,2019-05-01,0
487,62.0,Male,West,Primary,Self-Employed,63527.0,403342,Business,488.0,6,45,0.3941648863163003,2019-05-02,0
488,21.0,Other,East,Graduate,Salaried,97227.0,166081,Home,,9,35,0.2628644179865657,2019-05-03,1
489,,Other,West,Post-Graduate,Salaried,151564.0,497336,Car,819.0,2,3,1.458163640985805,2019-05-04,1
490,,Male,South,Post-Graduate,Salaried,159883.0,116718,Education,591.0,7,5,0.13077454073347208,2019-05-05,1
491,33.0,Other,South,Primary,Self-Employed,113344.0,358076,Home,582.0,3,90,1.2237763674704303,2019-05-06,0
492,19.0,Female,South,Post-Graduate,Salaried,175344.0,5192,Business,843.0,3,11,1.2032492094050309,2019-05-07,1
493,45.0,Other,East,Post-Graduate,Salaried,67153.0,252536,Education,676.0,4,71,0.5160997593831343,2019-05-08,0
494,49.0,Female,South,Post-Graduate,Salaried,128042.0,41413,Education,455.0,5,56,0.28987726241023876,2019-05-09,0
495,44.0,Female,North,Secondary,Self-Employed,74110.0,148888,Car,807.0,6,10,0.3038801053875928,2019-05-10,1
496,37.0,Other,West,Graduate,Unemployed,165051.0,44082,Business,712.0,3,34,1.0764042641320695,2019-05-11,0
497,41.0,Male,West,Secondary,Salaried,48328.0,332192,Home,827.0,7,67,0.9999292275206431,2019-05-12,0
498,,Female,North,Graduate,Unemployed,132911.0,128130,Business,,5,72,1.1958439439519415,2019-05-13,0
499,52.0,Male,East,Primary,Salaried,32867.0,55940,Education,486.0,0,31,1.4124736413587466,2019-05-14,0
500,,Female,East,Post-Graduate,Unemployed,79234.0,168202,Business,330.0,0,75,1.0686983085732287,2019-05-15,1
501,50.0,Other,West,Graduate,Self-Employed,45851.0,45142,Home,559.0,8,71,0.3181921511720208,2019-05-16,0
502,60.0,Other,South,Secondary,Self-Employed,51279.0,41468,Home,720.0,9,66,0.440819663471575,2019-05-17,1
503,,Female,East,Post-Graduate,Salaried,93402.0,428914,Car,828.0,5,70,1.2790712232223604,2019-05-18,0
504,29.0,Other,East,Primary,Unemployed,,146727,Home,,9,41,0.393028506167892,2019-05-19,0
505,20.0,Female,North,Graduate,Self-Employed,96221.0,183969,Home,,7,63,0.20153124373627399,2019-05-20,1
506,,Other,North,Graduate,Salaried,109080.0,428291,Business,788.0,6,32,1.0845920756591507,2019-05-21,0
507,50.0,Male,South,Graduate,Salaried,25451.0,407575,Business,841.0,5,20,0.6635368976861988,2019-05-22,0
508,57.0,Other,East,Post-Graduate,Self-Employed,107178.0,396192,Education,577.0,3,57,1.388056073564265,2019-05-23,0
509,27.0,Male,East,Secondary,Self-Employed,192388.0,241187,Car,502.0,6,98,1.0103570995311262,2019-05-24,0
510,60.0,Other,North,Secondary,,83761.0,47056,Business,365.0,8,50,0.22658656890832504,2019-05-25,0
511,61.0,Male,East,Graduate,Unemployed,58870.0,56831,Home,407.0,9,80,1.426999194155125,2019-05-26,0
512,46.0,Other,West,Primary,Unemployed,116566.0,326335,Education,567.0,9,25,0.4619801690963442,2019-05-27,1
513,,Male,North,Primary,Unemployed,143749.0,254664,Business,521.0,6,12,0.5720974865688,2019-05-28,1
514,29.0,Female,South,Secondary,Salaried,143765.0,389092,Car,829.0,0,71,0.6631645791569588,2019-05-29,1
515,48.0,Female,North,Primary,Self-Employed,144881.0,431488,Car,389.0,9,39,0.17171401496603855,2019-05-30,0
516,63.0,Male,East,Secondary,Salaried,181945.0,113117,Education,554.0,8,17,0.7951215911228467,2019-05-31,0
517,19.0,Other,South,Graduate,Self-Employed,148389.0,281815,Education,754.0,3,45,0.27264588750540913,2019-06-01,0
518,52.0,Male,North,Secondary,Unemployed,45372.0,294192,Education,552.0,2,11,0.6613584573636924,2019-06-02,1
519,40.0,Other,West,Secondary,Unemployed,23642.0,474490,Education,556.0,3,70,0.590993703188918,2019-06-03,0
520,34.0,Female,West,Graduate,Self-Employed,179073.0,293107,Education,682.0,3,23,1.1819761167971048,2019-06-04,1
521,43.0,Other,North,Primary,Self-Employed,54064.0,48954,Home,741.0,9,91,1.2244387162858237,2019-06-05,0
522,25.0,Female,West,Secondary,Salaried,34122.0,470525,Home,389.0,1,70,0.3147780353447232,2019-06-06,0
523,46.0,Other,West,Secondary,Unemployed,175892.0,238192,Business,689.0,0,38,0.6131716623309167,2019-06-07,0
524,43.0,Other,West,Graduate,Salaried,88431.0,362574,Car,343.0,9,2,0.6226944254445643,2019-06-08,1
525,27.0,Other,South,Primary,Salaried,75745.0,5717,Home,318.0,0,86,0.311974621510519,2019-06-09,0
526,43.0,Male,West,Secondary,Salaried,70081.0,278820,Home,400.0,7,84,1.2178349070716668,2019-06-10,1
527,51.0,Male,West,Graduate,Unemployed,159783.0,402650,Home,656.0,1,89,1.0901196596695926,2019-06-11,0
528,58.0,Female,West,Secondary,Salaried,169865.0,185882,Business,841.0,9,79,0.3665345008158486,2019-06-12,0
529,24.0,Female,South,Post-Graduate,Salaried,159271.0,123696,Education,332.0,4,93,0.6134106720313186,2019-06-13,1
530,21.0,Male,North,Graduate,Salaried,96253.0,492852,Business,528.0,3,72,0.2481270347991199,2019-06-14,0
531,,Female,East,Primary,Salaried,56191.0,397974,Car,823.0,7,37,0.9794892359302614,2019-06-15,0
532,28.0,Male,West,Primary,Salaried,,9994,Car,,1,49,0.26992069436806754,2019-06-16,0
533,46.0,Other,North,Primary,Salaried,,271378,Car,722.0,9,52,1.480307836074885,2019-06-17,0
534,53.0,Female,West,Primary,Unemployed,172614.0,74300,Car,545.0,8,33,1.1929549045630072,2019-06-18,1
535,42.0,Female,South,Secondary,Salaried,,311093,Home,704.0,6,22,0.646333969417593,2019-06-19,1
536,38.0,Male,North,Secondary,Self-Employed,196314.0,42405,Home,,6,5,0.9099895051910961,2019-06-20,0
537,53.0,Female,South,Primary,Salaried,121971.0,302016,Business,460.0,0,18,1.3758785427029723,2019-06-21,0
538,27.0,Female,West,Primary,Salaried,113783.0,309359,Education,,1,38,0.8757389925541565,2019-06-22,1
539,54.0,Other,West,Primary,Unemployed,145681.0,28185,Car,570.0,3,37,0.3442978809571372,2019-06-23,0
540,26.0,Female,South,Secondary,Unemployed,107893.0,179514,Business,786.0,3,94,0.630184697813623,2019-06-24,1
541,41.0,Other,East,Primary,Self-Employed,178763.0,449975,Home,471.0,2,95,1.2804028110416437,2019-06-25,0
542,52.0,Male,South,Primary,Self-Employed,97960.0,308297,Home,573.0,6,64,1.001898222385465,2019-06-26,1
543,52.0,Female,West,Post-Graduate,Unemployed,104388.0,344679,Education,558.0,7,10,1.0110141380673203,2019-06-27,1
544,53.0,Other,South,Post-Graduate,Unemployed,42601.0,138653,Education,,1,79,1.3135500799638848,2019-06-28,1
545,35.0,Male,East,Primary,Salaried,169092.0,56717,Education,721.0,3,42,1.3515622804475065,2019-06-29,1
546,56.0,Female,South,Graduate,,159227.0,7763,Business,720.0,2,48,1.3877096004912108,2019-06-30,0
547,,Male,East,Primary,Self-Employed,187849.0,360054,Home,485.0,1,44,0.23278887055441855,2019-07-01,0
548,41.0,Female,East,Post-Graduate,Salaried,39710.0,60480,Home,663.0,5,82,0.8617764027483412,2019-07-02,1
549,,Male,South,Graduate,Self-Employed,128714.0,174831,Education,677.0,3,87,1.136713329705646,2019-07-03,1
550,49.0,Male,South,Graduate,Salaried,175604.0,212139,Car,822.0,5,97,1.1596975831778193,2019-07-04,1
551,54.0,Other,North,Primary,Unemployed,148727.0,123094,Education,495.0,1,16,0.9494026827580053,2019-07-05,1
552,29.0,Male,West,Post-Graduate,Self-Employed,169673.0,161379,Business,397.0,3,54,0.3335022692571438,2019-07-06,0
553,30.0,Female,East,Post-Graduate,Salaried,83227.0,232443,Education,321.0,5,35,1.21638877551833,2019-07-07,1
554,40.0,Female,North,Graduate,Salaried,156039.0,16064,Education,749.0,4,98,1.108155866920924,2019-07-08,1
555,42.0,Other,South,Primary,Unemployed,104289.0,81848,Business,,2,28,0.22059008016865078,2019-07-09,1
556,52.0,Female,West,Secondary,Unemployed,171094.0,42548,Education,682.0,7,2,0.7493337545441267,2019-07-10,1
557,,Female,North,Secondary,,,173017,Home,433.0,6,94,0.343568359330525,2019-07-11,1
558,47.0,Female,East,Post-Graduate,Self-Employed,25722.0,446153,Car,725.0,2,13,0.5724678639981606,2019-07-12,1
559,34.0,Male,North,Secondary,Salaried,178485.0,273620,Education,324.0,5,41,0.12531352908795962,2019-07-13,1
560,37.0,Male,East,Post-Graduate,Unemployed,101050.0,449972,Business,802.0,3,80,0.6604618157750615,2019-07-14,0
561,42.0,Female,South,Post-Graduate,Self-Employed,103596.0,357245,Car,484.0,4,59,0.8698276896186946,2019-07-15,1
562,39.0,Other,West,Post-Graduate,Self-Employed,86732.0,7382,Business,384.0,4,69,0.9674156299579215,2019-07-16,1
563,30.0,Male,West,Secondary,Self-Employed,,447899,Car,443.0,6,92,1.028886483180194,2019-07-17,1
564,36.0,Other,West,Post-Graduate,Unemployed,88323.0,486215,Car,711.0,4,53,1.270807838343444,2019-07-18,0
565,53.0,Female,South,Graduate,Unemployed,43816.0,181348,Education,523.0,2,45,0.401648070186022,2019-07-19,0
566,29.0,Female,East,Primary,Salaried,60695.0,431618,Home,519.0,9,20,0.2686745514138551,2019-07-20,0
567,58.0,Male,South,Primary,Salaried,170774.0,490097,Education,478.0,4,24,1.2921520406570959,2019-07-21,1
568,36.0,Female,West,Post-Graduate,,176314.0,425162,Business,732.0,6,61,0.3192579408497098,2019-07-22,1
569,29.0,Male,South,Primary,,75841.0,84698,Business,564.0,4,91,1.4646641138706735,2019-07-23,1
570,26.0,Female,South,Secondary,Self-Employed,148498.0,250762,Car,728.0,4,94,1.2795535211580917,2019-07-24,0
571,24.0,Female,South,Secondary,Self-Employed,127096.0,248381,Car,715.0,8,58,0.8012272482454388,2019-07-25,1
572,45.0,Male,East,Primary,Salaried,,472149,Home,752.0,2,27,1.4739899948908353,2019-07-26,0
573,31.0,Male,North,Secondary,Self-Employed,105744.0,420551,Education,496.0,5,26,0.23632742075120589,2019-07-27,0
574,48.0,Male,North,Primary,Salaried,48482.0,50095,Business,352.0,0,7,0.5242920656451423,2019-07-28,0
575,36.0,Female,South,Primary,Salaried,,478146,Car,779.0,9,42,0.993514181056856,2019-07-29,0
576,64.0,Female,North,Primary,Self-Employed,120755.0,397118,Home,,4,47,0.5900096158624503,2019-07-30,0
577,,Other,North,Post-Graduate,Self-Employed,128125.0,294341,Business,629.0,7,53,1.3997215727731085,2019-07-31,1
578,22.0,Male,South,Primary,Unemployed,150722.0,394763,Car,550.0,4,59,0.1918765234489446,2019-08-01,1
579,52.0,Female,South,Post-Graduate,Unemployed,126082.0,27010,Business,422.0,8,38,0.8691765648853503,2019-08-02,0
580,29.0,Female,West,Primary,Self-Employed,23696.0,422339,Home,686.0,5,69,0.9272127743531602,2019-08-03,1
581,,Male,North,Primary,Salaried,146310.0,355067,Home,638.0,7,87,1.0138193732881138,2019-08-04,1
582,38.0,Other,East,Primary,Salaried,171130.0,138962,Business,647.0,9,92,0.45793271266454016,2019-08-05,0
583,53.0,Male,South,Secondary,Salaried,171385.0,491521,Education,328.0,7,98,0.6103929985278101,2019-08-06,0
584,,Other,West,Post-Graduate,Salaried,,397670,Business,334.0,2,53,1.2811527415309687,2019-08-07,1
585,33.0,Female,East,Post-Graduate,Salaried,150064.0,114162,Car,817.0,6,15,0.3729198765582238,2019-08-08,1
586,56.0,Other,North,Primary,Unemployed,,388071,Education,695.0,6,96,1.2576149860427068,2019-08-09,1
587,62.0,Female,West,Primary,Self-Employed,65740.0,275170,Car,593.0,9,26,0.8877175920638393,2019-08-10,1
588,59.0,Male,South,Secondary,Unemployed,126611.0,332069,Business,648.0,5,48,1.167062515671715,2019-08-11,0
589,,Male,East,Secondary,Salaried,156028.0,73842,Education,,6,95,1.0990503127688602,2019-08-12,1
590,,Male,South,Secondary,Salaried,,300809,Car,366.0,1,19,0.39051609353883054,2019-08-13,0
591,48.0,Other,North,Post-Graduate,Salaried,83811.0,276421,Business,819.0,8,9,0.8963378310074219,2019-08-14,0
592,22.0,Female,East,Post-Graduate,Salaried,83232.0,178311,Business,,9,64,1.3148124139271293,2019-08-15,1
593,52.0,Male,North,Post-Graduate,Self-Employed,35417.0,445880,Education,639.0,9,93,0.7049627315227011,2019-08-16,1
594,40.0,Male,North,Primary,Salaried,175801.0,315152,Business,474.0,0,54,1.4532270783126435,2019-08-17,1
595,46.0,Female,West,Post-Graduate,Self-Employed,132492.0,281827,Home,750.0,0,51,0.7331011401424052,2019-08-18,0
596,60.0,Male,South,Graduate,Salaried,50099.0,136742,Car,,2,39,0.2998998913350386,2019-08-19,0
597,28.0,Female,East,Graduate,Self-Employed,181033.0,225283,Car,315.0,2,4,0.6452085521087425,2019-08-20,0
598,35.0,Female,North,Secondary,Unemployed,,153961,Business,632.0,0,3,1.432383368946752,2019-08-21,0
599,64.0,Female,North,Post-Graduate,Salaried,138474.0,453828,Business,494.0,6,64,0.5476091890757959,2019-08-22,1
600,29.0,Female,East,Graduate,Self-Employed,29256.0,180607,Home,795.0,3,29,1.315337423813888,2019-08-23,0
601,26.0,Female,North,Secondary,Unemployed,54681.0,345686,Education,308.0,9,11,1.3337509543546457,2019-08-24,0
602,27.0,Other,West,Post-Graduate,Salaried,111328.0,321463,Business,633.0,1,97,0.5902611340647455,2019-08-25,1
603,61.0,Male,West,Primary,Salaried,63361.0,250144,Business,,9,58,0.21656072127088496,2019-08-26,0
604,34.0,Other,West,Graduate,Salaried,54540.0,359211,Business,626.0,4,75,1.1143810728223456,2019-08-27,0
605,,Male,West,Primary,Self-Employed,177608.0,157711,Business,314.0,5,27,0.5361172186195804,2019-08-28,1
606,24.0,Other,North,Post-Graduate,Self-Employed,104700.0,200784,Car,525.0,8,97,1.1960930599606014,2019-08-29,0
607,,Female,East,Graduate,Unemployed,98532.0,414849,Business,724.0,3,21,0.7197167875646063,2019-08-30,0
608,30.0,Male,East,Post-Graduate,Self-Employed,147626.0,257217,Car,707.0,1,39,0.7793734392796702,2019-08-31,0
609,57.0,Male,East,Primary,Self-Employed,153943.0,432876,Business,,4,95,1.1890731694479515,2019-09-01,0
610,59.0,Other,East,Graduate,Salaried,66002.0,336119,Education,727.0,2,46,0.635308663486279,2019-09-02,1
611,26.0,Other,South,Primary,Salaried,69812.0,168244,Home,,1,66,0.7203782834520803,2019-09-03,0
612,44.0,Male,East,Post-Graduate,Salaried,,457413,Education,565.0,0,91,0.626666656277471,2019-09-04,1
613,19.0,Other,South,Post-Graduate,Salaried,128946.0,106158,Business,,9,36,0.6142767213881919,2019-09-05,0
614,22.0,Other,South,Primary,Salaried,86668.0,457063,Business,507.0,1,75,0.8363252076620431,2019-09-06,1
615,46.0,Other,West,Graduate,Salaried,119003.0,278721,Business,668.0,5,82,1.232319222301611,2019-09-07,1
616,54.0,Female,South,Primary,Salaried,62998.0,344443,Education,,7,65,0.6064756366915922,2019-09-08,1
617,55.0,Female,North,Post-Graduate,Unemployed,124601.0,287320,Business,311.0,2,63,0.8339566087528313,2019-09-09,0
618,36.0,Other,South,Primary,Unemployed,196679.0,442602,Education,644.0,8,99,1.0390182556196412,2019-09-10,0
619,25.0,Other,West,Post-Graduate,Unemployed,,68972,Car,764.0,8,35,0.477215224825117,2019-09-11,0
620,62.0,Female,South,Primary,Unemployed,81844.0,387162,Home,,1,31,0.48853192686334956,2019-09-12,1
621,18.0,Female,North,Graduate,Salaried,153251.0,488007,Home,667.0,7,28,1.4067783778328367,2019-09-13,0
622,39.0,Male,North,Graduate,Unemployed,194870.0,439219,Education,719.0,9,1,1.1129484026635241,2019-09-14,0
623,34.0,Male,North,Primary,Salaried,94601.0,287140,Car,470.0,4,25,0.9080613467126324,2019-09-15,0
624,24.0,Female,West,Primary,Unemployed,159347.0,105922,Education,433.0,3,43,1.0068080761888567,2019-09-16,0
625,42.0,Other,West,Graduate,Self-Employed,,353742,Car,726.0,9,84,0.1410192203447857,2019-09-17,1
626,62.0,Other,East,Post-Graduate,Unemployed,145555.0,40931,Business,324.0,4,67,0.9653441517863756,2019-09-18,1
627,21.0,Other,West,Graduate,Unemployed,40700.0,129168,Car,829.0,3,63,0.8133124225138826,2019-09-19,0
628,53.0,Other,North,Post-Graduate,Salaried,190536.0,171782,Car,489.0,7,51,0.8640495516912099,2019-09-20,0
629,23.0,Male,North,Primary,Unemployed,193423.0,128099,Car,440.0,3,2,0.6031933575631439,2019-09-21,0
630,48.0,Female,West,Primary,Self-Employed,113330.0,39693,Home,614.0,9,82,0.21406345679811864,2019-09-22,1
631,36.0,Other,South,Post-Graduate,Salaried,164941.0,433956,Car,743.0,5,64,0.370674927056873,2019-09-23,0
632,61.0,Male,West,Primary,Salaried,172026.0,475457,Business,618.0,1,74,1.4310425984977404,2019-09-24,1
633,56.0,Other,West,Post-Graduate,Unemployed,182627.0,113944,Business,740.0,4,69,0.6721793871793075,2019-09-25,1
634,44.0,Female,North,Secondary,Salaried,83353.0,229655,Business,391.0,5,9,0.7533564181632098,2019-09-26,0
635,27.0,Male,East,Graduate,Salaried,196098.0,212574,Car,478.0,4,2,0.1737937057948146,2019-09-27,0
636,43.0,Female,North,Secondary,Salaried,120772.0,284518,Education,355.0,1,34,0.15259272136157281,2019-09-28,0
637,36.0,Female,East,Post-Graduate,Salaried,198048.0,474890,Education,454.0,6,60,1.1040540258654608,2019-09-29,1
638,56.0,Male,North,Graduate,Salaried,111502.0,252572,Business,410.0,3,61,0.8533325297695558,2019-09-30,1
639,,Male,West,Post-Graduate,,133943.0,348615,Home,436.0,7,31,0.8121883779027733,2019-10-01,0
640,62.0,Male,North,Graduate,Self-Employed,129850.0,50913,Education,531.0,6,10,0.44037434259173613,2019-10-02,1
641,30.0,Male,North,Graduate,Unemployed,65095.0,390827,Car,767.0,6,76,1.1426510242818912,2019-10-03,0
642,45.0,Male,North,Graduate,Self-Employed,165342.0,202097,Education,780.0,8,36,0.33553121075188863,2019-10-04,0
643,37.0,Male,West,Graduate,Salaried,181980.0,311660,Business,367.0,0,85,0.365908641125428,2019-10-05,1
644,45.0,Male,West,Post-Graduate,Salaried,35523.0,92796,Home,548.0,9,49,0.7449970398875856,2019-10-06,1
645,25.0,Other,West,Graduate,,82433.0,293213,Education,622.0,5,70,0.5007918069567172,2019-10-07,1
646,58.0,Female,West,Graduate,Self-Employed,198140.0,385477,Education,817.0,5,49,0.4464481737264049,2019-10-08,1
647,56.0,Male,East,Secondary,Unemployed,39991.0,454449,Business,731.0,5,3,1.0033327023746643,2019-10-09,0
648,18.0,Other,East,Primary,Self-Employed,30775.0,89811,Home,786.0,5,74,1.0113604433059622,2019-10-10,0
649,20.0,Other,South,Primary,,104995.0,195121,Home,728.0,9,5,1.254323897719901,2019-10-11,0
650,,Other,West,Secondary,Unemployed,167745.0,237892,Business,,6,90,0.6847919937621662,2019-10-12,1
651,45.0,Female,East,Secondary,,142808.0,385172,Car,836.0,9,61,0.20231912743661035,2019-10-13,0
652,42.0,Male,North,Post-Graduate,Salaried,,44178,Education,447.0,5,85,0.4831329388900407,2019-10-14,1
653,50.0,Other,West,Post-Graduate,Unemployed,157686.0,299965,Car,417.0,0,90,1.4720076484755438,2019-10-15,1
654,55.0,Female,South,Post-Graduate,Self-Employed,27415.0,449943,Education,666.0,2,26,0.9347620053257829,2019-10-16,1
655,23.0,Female,South,Secondary,Self-Employed,194956.0,459151,Education,365.0,1,72,1.0936319187214283,2019-10-17,0
656,61.0,Female,South,Secondary,Self-Employed,168036.0,21999,Car,669.0,5,5,0.11030096147558036,2019-10-18,1
657,62.0,Other,North,Graduate,Self-Employed,188798.0,460738,Business,474.0,7,15,0.8254880250555291,2019-10-19,1
658,49.0,Male,East,Post-Graduate,Salaried,57044.0,305856,Business,794.0,2,16,0.15254012054452437,2019-10-20,1
659,62.0,Other,North,Post-Graduate,Unemployed,188616.0,200623,Education,413.0,9,1,0.896922296928027,2019-10-21,1
660,64.0,Other,West,Post-Graduate,Self-Employed,69976.0,176244,Business,,7,16,1.3890791894905055,2019-10-22,1
661,,Male,South,Primary,Salaried,183324.0,300866,Education,738.0,7,37,1.455786782700571,2019-10-23,1
662,33.0,Male,North,Graduate,,23832.0,277769,Business,446.0,4,3,0.8567737455444937,2019-10-24,1
663,38.0,Male,North,Post-Graduate,Unemployed,54148.0,203237,Education,334.0,7,52,0.7414867273531023,2019-10-25,1
664,28.0,Female,East,Post-Graduate,Salaried,132230.0,474725,Business,608.0,5,47,1.4230239319478917,2019-10-26,1
665,54.0,Male,East,Post-Graduate,Salaried,105076.0,11859,Home,837.0,4,95,1.043053764795373,2019-10-27,1
666,53.0,Other,South,Primary,Self-Employed,58402.0,439825,Car,313.0,8,13,0.19085899135377324,2019-10-28,1
667,52.0,Male,North,Primary,Unemployed,58578.0,441523,Home,673.0,6,80,0.7520158087344965,2019-10-29,1
668,36.0,Other,North,Secondary,Unemployed,110453.0,115986,Car,727.0,7,55,0.4363430258500255,2019-10-30,0
669,37.0,Female,East,Graduate,Salaried,173390.0,237654,Car,,0,21,0.7577260500281541,2019-10-31,0
670,35.0,Other,North,Secondary,,95715.0,288983,Education,739.0,1,66,0.7376518008089064,2019-11-01,1
671,64.0,Other,North,Graduate,,131435.0,294360,Car,,7,54,0.9150027239406388,2019-11-02,1
672,58.0,Male,North,Primary,,171538.0,320097,Home,574.0,8,27,0.5994786864889518,2019-11-03,1
673,31.0,Male,East,Post-Graduate,,115742.0,482697,Home,375.0,3,38,0.32997862923829924,2019-11-04,0
674,32.0,Other,South,Secondary,Salaried,65475.0,458809,Business,738.0,9,90,0.8052072084259387,2019-11-05,0
675,48.0,Male,West,Post-Graduate,Self-Employed,80142.0,470291,Home,,9,58,1.262284038084067,2019-11-06,0
676,18.0,Female,South,Secondary,Self-Employed,177636.0,54522,Business,839.0,8,62,1.0296171192946433,2019-11-07,1
677,20.0,Female,West,Primary,Unemployed,173484.0,235233,Car,552.0,3,46,0.5737150122953022,2019-11-08,1
678,33.0,Male,North,Primary,Unemployed,113526.0,403102,Home,425.0,9,89,1.4097322318624002,2019-11-09,1
679,40.0,Female,South,Primary,Salaried,71001.0,378393,Car,,9,11,1.377090599748855,2019-11-10,1
680,28.0,Male,West,Secondary,Self-Employed,77649.0,12485,Home,,9,72,0.3930877591377383,2019-11-11,0
681,,Other,East,Graduate,Self-Employed,186589.0,429671,Home,,8,8,0.15518461916850818,2019-11-12,1
682,27.0,Other,East,Secondary,Self-Employed,164228.0,248056,Business,426.0,6,97,1.1378321916910672,2019-11-13,0
683,49.0,Female,South,Graduate,Unemployed,174136.0,414983,Car,782.0,1,71,1.2586543658888145,2019-11-14,0
684,33.0,Male,South,Secondary,Self-Employed,45711.0,117701,Home,467.0,8,64,1.4550103923318973,2019-11-15,1
685,25.0,Male,North,Secondary,Salaried,50106.0,426669,Education,593.0,3,21,1.345770951723635,2019-11-16,0
686,55.0,Female,South,Primary,Salaried,85458.0,212352,Car,642.0,7,72,0.9407486754889807,2019-11-17,0
687,29.0,Other,North,Post-Graduate,Unemployed,167661.0,107638,Car,609.0,6,63,0.8420732748973331,2019-11-18,0
688,41.0,Female,North,Post-Graduate,Unemployed,150429.0,189514,Car,827.0,6,85,0.13897747176762082,2019-11-19,0
689,45.0,Other,East,Graduate,Self-Employed,,450093,Business,839.0,7,64,0.445319025582689,2019-11-20,1
690,25.0,Male,East,Post-Graduate,Unemployed,158286.0,279370,Education,718.0,0,20,0.7434606524260969,2019-11-21,1
691,45.0,Other,West,Secondary,Salaried,146479.0,98405,Car,743.0,4,8,0.9799054601169949,2019-11-22,0
692,53.0,Female,East,Secondary,Self-Employed,178199.0,289732,Home,535.0,1,58,0.8801525666457749,2019-11-23,1
693,43.0,Male,East,Primary,Salaried,156213.0,215048,Home,738.0,1,46,1.1396903855543667,2019-11-24,0
694,25.0,Female,South,Primary,Self-Employed,48884.0,167781,Business,513.0,0,31,0.4916737032418572,2019-11-25,1
695,45.0,Female,East,Post-Graduate,Unemployed,22708.0,446004,Home,384.0,4,93,0.8909336507134624,2019-11-26,1
696,45.0,Other,West,Graduate,Self-Employed,38375.0,486247,Car,384.0,1,9,0.22339914074710898,2019-11-27,1
697,54.0,Female,South,Post-Graduate,Self-Employed,35088.0,42019,Home,788.0,3,15,0.6791317330164897,2019-11-28,1
698,58.0,Other,West,Post-Graduate,Salaried,,443164,Car,364.0,2,94,1.1502251661364413,2019-11-29,1
699,53.0,Male,East,Post-Graduate,Salaried,130138.0,266497,Home,363.0,2,26,1.0707611948006617,2019-11-30,0
700,44.0,Other,West,Post-Graduate,Self-Employed,196118.0,70133,Education,642.0,1,10,1.4868998320410507,2019-12-01,1
701,,Male,South,Secondary,Unemployed,30014.0,381588,Business,651.0,5,29,0.48904757638285834,2019-12-02,0
702,26.0,Other,North,Graduate,Unemployed,154345.0,202530,Business,457.0,1,80,0.7974650188435707,2019-12-03,0
703,50.0,Female,West,Secondary,Salaried,198207.0,384747,Education,790.0,7,36,0.5613425792835954,2019-12-04,1
704,37.0,Other,West,Graduate,Unemployed,122842.0,163598,Education,762.0,7,84,0.7168443596828445,2019-12-05,0
705,30.0,Other,South,Primary,Salaried,181953.0,471709,Business,524.0,4,37,1.2997301818171434,2019-12-06,1
706,45.0,Male,South,Post-Graduate,Unemployed,98077.0,133585,Education,,9,86,1.0578927052638811,2019-12-07,0
707,46.0,Female,West,Secondary,Self-Employed,159784.0,450414,Car,765.0,6,71,1.3354176678866143,2019-12-08,0
708,30.0,Other,East,Graduate,Salaried,72874.0,250172,Home,,3,23,0.384915551664641,2019-12-09,1
709,63.0,Female,West,Primary,Salaried,89087.0,497750,Business,602.0,0,41,1.3227055649780133,2019-12-10,1
710,52.0,Other,South,Primary,Self-Employed,32297.0,310539,Education,734.0,1,93,0.18366718384973818,2019-12-11,1
711,23.0,Other,North,Post-Graduate,Salaried,47128.0,422247,Car,434.0,9,80,1.3440389926120133,2019-12-12,1
712,35.0,Female,North,Graduate,Unemployed,88368.0,473758,Business,349.0,9,28,0.560703291245019,2019-12-13,0
713,22.0,Other,East,Secondary,Unemployed,98958.0,130814,Education,731.0,3,48,0.5404226867796931,2019-12-14,1
714,64.0,Female,West,Post-Graduate,Salaried,52920.0,435917,Business,639.0,0,38,0.8169240073781294,2019-12-15,0
715,42.0,Other,North,Secondary,Unemployed,162228.0,379743,Education,,7,31,1.4169662628125246,2019-12-16,0
716,19.0,Male,West,Primary,Salaried,162180.0,30939,Business,646.0,8,14,0.16689391055396752,2019-12-17,0
717,27.0,Female,South,Secondary,Self-Employed,182917.0,447361,Car,544.0,3,97,0.5931233650990434,2019-12-18,0
718,47.0,Other,North,Secondary,Salaried,153872.0,418540,Car,408.0,9,73,1.29920078415667,2019-12-19,0
719,62.0,Other,East,Post-Graduate,Self-Employed,193784.0,158939,Home,832.0,2,91,0.6544762684096533,2019-12-20,0
720,22.0,Male,South,Secondary,Unemployed,153682.0,267347,Business,389.0,1,88,0.3788196566358938,2019-12-21,1
721,50.0,Female,East,Post-Graduate,Self-Employed,97603.0,414760,Home,595.0,4,77,0.6947118538639764,2019-12-22,0
722,,Other,South,Primary,Unemployed,,414115,Business,411.0,2,90,0.6397735020883369,2019-12-23,0
723,35.0,Male,North,Post-Graduate,Salaried,,296207,Education,476.0,9,29,1.3815826820533847,2019-12-24,0
724,49.0,Other,East,Post-Graduate,Unemployed,,95880,Education,642.0,6,51,1.166708126040336,2019-12-25,1
725,64.0,Female,East,Graduate,,142049.0,8748,Home,400.0,5,49,0.8071617780416088,2019-12-26,1
726,28.0,Other,South,Secondary,Salaried,40583.0,241094,Business,700.0,0,43,1.4837187934101996,2019-12-27,0
727,38.0,Other,East,Primary,Self-Employed,,384413,Home,327.0,7,92,0.7513885437862926,2019-12-28,1
728,43.0,Other,South,Post-Graduate,Self-Employed,158335.0,464845,Car,836.0,1,92,0.18153296314838532,2019-12-29,0
729,42.0,Other,South,Primary,,146374.0,347908,Home,357.0,4,72,0.4671840505409788,2019-12-30,1
730,39.0,Male,South,Graduate,Self-Employed,,156956,Home,797.0,8,87,0.7104986723070376,2019-12-31,0
731,,Male,South,Secondary,Unemployed,,161255,Education,596.0,7,93,0.31966367380456817,2020-01-01,1
732,30.0,Female,North,Post-Graduate,Unemployed,85942.0,479786,Home,433.0,1,5,1.42659117685366,2020-01-02,1
733,,Male,South,Secondary,Unemployed,33689.0,469462,Business,630.0,8,42,1.1735884569448825,2020-01-03,1
734,,Male,West,Graduate,Salaried,184006.0,375180,Education,548.0,4,7,0.47560208059888165,2020-01-04,0
735,58.0,Female,East,Graduate,Unemployed,53276.0,155331,Home,849.0,9,42,0.9271263469250821,2020-01-05,0
736,52.0,Male,West,Primary,Unemployed,,172031,Car,374.0,5,36,1.110028819953401,2020-01-06,0
737,18.0,Male,North,Post-Graduate,,170945.0,383669,Home,467.0,2,27,1.4177905004695173,2020-01-07,1
738,38.0,Female,West,Primary,Self-Employed,33050.0,431673,Home,,2,58,1.334289488845575,2020-01-08,1
739,,Female,East,Graduate,Unemployed,86216.0,352823,Home,654.0,9,46,0.8212691165934991,2020-01-09,0
740,,Female,West,Secondary,Salaried,104040.0,130829,Education,,7,66,1.1845136677102246,2020-01-10,1
741,34.0,Other,North,Primary,Self-Employed,41644.0,133216,Business,,9,25,0.8870026553586189,2020-01-11,0
742,,Other,South,Primary,Salaried,82021.0,400319,Car,445.0,9,73,0.8737854460637561,2020-01-12,0
743,48.0,Female,West,Secondary,Unemployed,188197.0,70901,Home,540.0,1,27,0.2606387416734687,2020-01-13,0
744,22.0,Female,North,Primary,Self-Employed,62291.0,248386,Business,643.0,1,1,0.2765927212226129,2020-01-14,0
745,55.0,Female,North,Secondary,Salaried,186132.0,180607,Business,334.0,4,87,0.8413470610314403,2020-01-15,1
746,20.0,Other,East,Post-Graduate,Unemployed,152610.0,414319,Education,300.0,5,74,0.4764061629706092,2020-01-16,1
747,40.0,Other,East,Secondary,Salaried,187248.0,103046,Car,452.0,1,42,0.12945166344465608,2020-01-17,1
748,54.0,Male,West,Post-Graduate,,61520.0,357156,Education,728.0,4,52,1.1119748854602973,2020-01-18,0
749,54.0,Male,South,Secondary,Salaried,45675.0,83278,Business,807.0,6,25,0.14548123536623095,2020-01-19,1
750,27.0,Female,North,Graduate,Unemployed,,279535,Business,425.0,9,54,0.9333875775456763,2020-01-20,0
751,27.0,Other,West,Graduate,Unemployed,20174.0,107476,Business,790.0,9,67,0.85487131177824,2020-01-21,0
752,36.0,Other,North,Post-Graduate,Salaried,112268.0,427117,Education,781.0,7,6,1.4563405668089262,2020-01-22,0
753,34.0,Other,North,Post-Graduate,Self-Employed,,387865,Car,,6,58,0.7778983950866982,2020-01-23,0
754,,Female,South,Graduate,Self-Employed,163184.0,102537,Home,520.0,7,70,0.18904201092891632,2020-01-24,0
755,31.0,Male,South,Post-Graduate,Unemployed,125410.0,348303,Education,324.0,8,53,0.8723631549290463,2020-01-25,0
756,26.0,Female,West,Secondary,Unemployed,95225.0,466130,Business,827.0,4,66,1.277534638862542,2020-01-26,1
757,63.0,Male,South,Secondary,Unemployed,64814.0,398184,Education,481.0,4,58,1.495588997994016,2020-01-27,1
758,,Male,South,Graduate,Unemployed,105091.0,186429,Business,798.0,9,82,0.7024804431647014,2020-01-28,1
759,62.0,Female,West,Primary,Unemployed,70719.0,222980,Home,,3,87,0.5484182394954394,2020-01-29,1
760,30.0,Male,South,Secondary,Self-Employed,149887.0,436653,Home,780.0,8,2,1.3693146157327984,2020-01-30,0
761,,Male,East,Post-Graduate,Unemployed,,302647,Car,738.0,4,76,0.36773898070656985,2020-01-31,0
762,18.0,Other,North,Primary,Salaried,93155.0,494498,Business,701.0,1,22,0.9616004810460972,2020-02-01,1
763,57.0,Male,North,Primary,Salaried,91569.0,491675,Car,845.0,9,37,0.6680001938533268,2020-02-02,1
764,49.0,Female,North,Secondary,,61328.0,80403,Car,644.0,7,20,0.1575153109377774,2020-02-03,1
765,51.0,Female,North,Secondary,Salaried,44618.0,439474,Home,344.0,6,24,0.5862038640279769,2020-02-04,1
766,45.0,Male,West,Primary,Self-Employed,54675.0,431940,Education,320.0,7,84,0.4713199315037444,2020-02-05,1
767,48.0,Other,North,Primary,Self-Employed,38919.0,69286,Education,,2,65,1.0605276155208816,2020-02-06,1
768,25.0,Other,North,Graduate,,24173.0,341986,Car,347.0,3,65,1.4283066967686855,2020-02-07,1
769,56.0,Male,North,Post-Graduate,Unemployed,129369.0,109927,Home,790.0,4,81,0.47526606233009283,2020-02-08,1
770,,Male,North,Graduate,Salaried,,282052,Business,586.0,5,1,1.2360523148123546,2020-02-09,0
771,51.0,Female,East,Secondary,Salaried,90305.0,490833,Education,309.0,0,94,0.17750374371377334,2020-02-10,0
772,20.0,Male,North,Graduate,Self-Employed,188636.0,448842,Car,841.0,3,3,0.8533694140557384,2020-02-11,0
773,29.0,Other,East,Graduate,Salaried,,304372,Education,573.0,9,46,0.19877008919385242,2020-02-12,0
774,18.0,Male,West,Graduate,Self-Employed,108791.0,28386,Education,680.0,4,55,1.407646187582895,2020-02-13,1
775,61.0,Female,South,Graduate,Unemployed,179034.0,182826,Business,628.0,6,75,1.1728917927803464,2020-02-14,0
776,22.0,Female,North,Post-Graduate,Unemployed,,295446,Home,778.0,4,88,1.0211298756864293,2020-02-15,1
777,47.0,Female,South,Post-Graduate,Unemployed,123591.0,327959,Business,314.0,0,86,1.25345493427453,2020-02-16,0
778,47.0,Female,South,Primary,Salaried,161650.0,257156,Home,815.0,6,64,1.0065277137982285,2020-02-17,1
779,34.0,Female,West,Secondary,Self-Employed,,482964,Education,490.0,7,45,1.4565221560440076,2020-02-18,1
780,64.0,Male,South,Graduate,,169696.0,330488,Car,467.0,6,26,1.09954112701068,2020-02-19,0
781,40.0,Male,East,Primary,Self-Employed,59194.0,433834,Business,820.0,3,77,1.3945220534151455,2020-02-20,0
782,32.0,Male,South,Primary,Self-Employed,129903.0,378747,Home,436.0,7,65,0.8239846488148932,2020-02-21,1
783,54.0,Male,South,Primary,Unemployed,151461.0,474450,Education,453.0,4,24,0.2638901781746077,2020-02-22,1
784,38.0,Female,South,Post-Graduate,Unemployed,119303.0,328258,Home,687.0,9,74,0.8394488099922239,2020-02-23,1
785,31.0,Other,North,Graduate,Self-Employed,133903.0,253724,Home,508.0,8,35,0.2776219592883306,2020-02-24,0
786,19.0,Male,North,Graduate,Unemployed,87391.0,206202,Home,571.0,9,24,0.929490870846967,2020-02-25,0
787,28.0,Other,East,Secondary,Self-Employed,164866.0,30525,Education,442.0,4,28,0.775490284738728,2020-02-26,1
788,,Male,East,Graduate,,78002.0,84818,Car,368.0,0,80,0.9716055569658943,2020-02-27,0
789,55.0,Male,North,Graduate,Unemployed,55531.0,119589,Car,546.0,8,16,0.11406577347676423,2020-02-28,1
790,51.0,Other,East,Primary,Salaried,24986.0,150406,Car,560.0,4,59,0.37277668831750976,2020-02-29,0
791,55.0,Female,North,Secondary,Unemployed,52298.0,99715,Home,378.0,5,81,0.7878626046769832,2020-03-01,0
792,51.0,Male,West,Graduate,,21481.0,198839,Education,824.0,3,54,1.4307049862247887,2020-03-02,0
793,35.0,Male,South,Post-Graduate,Self-Employed,76408.0,273788,Home,629.0,5,79,0.6370526564972218,2020-03-03,0
794,47.0,Male,South,Graduate,Self-Employed,141950.0,368298,Car,488.0,7,16,0.6941208364750885,2020-03-04,0
795,32.0,Other,East,Primary,Salaried,167907.0,431149,Car,394.0,2,15,1.100574524609271,2020-03-05,1
796,44.0,Female,North,Post-Graduate,Self-Employed,145355.0,262438,Education,307.0,4,98,0.9453098602005652,2020-03-06,1
797,51.0,Other,North,Primary,Salaried,47798.0,310613,Home,,1,11,0.5184966101376665,2020-03-07,0
798,55.0,Other,East,Graduate,Salaried,111649.0,431903,Business,795.0,1,65,0.6751429537943988,2020-03-08,1
799,50.0,Female,North,Post-Graduate,Self-Employed,84887.0,373753,Business,490.0,6,79,0.4047797184001254,2020-03-09,1
800,41.0,Other,West,Secondary,Salaried,39477.0,450872,Car,665.0,9,90,1.452430042782292,2020-03-10,0
